SET SQL_MODE = "NO_AUTO_VALUE_ON_ZERO";
SET time_zone = "-05:00";

SET FOREIGN_KEY_CHECKS=0;

-- Create the tables

CREATE TABLE `com_catalogsystem_category` (
  `id` int(11) NOT NULL,
  `name` varchar(255) NOT NULL
) ENGINE=InnoDB DEFAULT CHARSET=utf8mb4 COLLATE=utf8mb4_unicode_ci;

CREATE TABLE `com_catalogsystem_history` (
  `id` int(11) NOT NULL,
  `problem_id` int(11) NOT NULL,
  `team_id` int(11) DEFAULT NULL,
  `date` date NOT NULL
) ENGINE=InnoDB DEFAULT CHARSET=utf8mb4 COLLATE=utf8mb4_unicode_ci;

CREATE TABLE `com_catalogsystem_problem` (
  `id` int(11) NOT NULL,
  `source_id` int(11) DEFAULT NULL,
  `category_id` int(11) DEFAULT NULL,
  `name` varchar(255) NOT NULL,
  `difficulty` int(11) DEFAULT NULL,
  `pdf_link` varchar(255) DEFAULT NULL,
  `zip_link` varchar(255) DEFAULT NULL
) ENGINE=InnoDB DEFAULT CHARSET=utf8mb4 COLLATE=utf8mb4_unicode_ci;

CREATE TABLE `com_catalogsystem_problemset` (
  `id` int(11) NOT NULL,
  `set_id` int(11) NOT NULL,
  `problem_id` int(11) NOT NULL
) ENGINE=InnoDB DEFAULT CHARSET=utf8mb4 COLLATE=utf8mb4_unicode_ci;

CREATE TABLE `com_catalogsystem_set` (
  `id` int(11) NOT NULL,
  `name` varchar(255) NOT NULL,
  `zip_link` varchar(255) DEFAULT NULL
) ENGINE=InnoDB DEFAULT CHARSET=utf8mb4 COLLATE=utf8mb4_unicode_ci;

CREATE TABLE `com_catalogsystem_source` (
  `id` int(11) NOT NULL,
  `name` varchar(255) NOT NULL
) ENGINE=InnoDB DEFAULT CHARSET=utf8mb4 COLLATE=utf8mb4_unicode_ci;

CREATE TABLE `com_catalogsystem_team` (
  `id` int(11) NOT NULL,
  `name` varchar(255) NOT NULL
) ENGINE=InnoDB DEFAULT CHARSET=utf8mb4 COLLATE=utf8mb4_unicode_ci;

-- Setup the primary keys

ALTER TABLE `com_catalogsystem_category`
  ADD PRIMARY KEY (`id`);

ALTER TABLE `com_catalogsystem_history`
  ADD PRIMARY KEY (`id`),
  ADD KEY `problem_id` (`problem_id`);

ALTER TABLE `com_catalogsystem_problem`
  ADD PRIMARY KEY (`id`);

ALTER TABLE `com_catalogsystem_problemset`
  ADD PRIMARY KEY (`id`);

ALTER TABLE `com_catalogsystem_set`
  ADD PRIMARY KEY (`id`);

ALTER TABLE `com_catalogsystem_source`
  ADD PRIMARY KEY (`id`);

ALTER TABLE `com_catalogsystem_team`
  ADD PRIMARY KEY (`id`);

ALTER TABLE `com_catalogsystem_category`
  MODIFY `id` int(11) NOT NULL AUTO_INCREMENT, AUTO_INCREMENT=4;

ALTER TABLE `com_catalogsystem_history`
  MODIFY `id` int(11) NOT NULL AUTO_INCREMENT, AUTO_INCREMENT=4;

ALTER TABLE `com_catalogsystem_problem`
  MODIFY `id` int(11) NOT NULL AUTO_INCREMENT, AUTO_INCREMENT=4;

ALTER TABLE `com_catalogsystem_problemset`
  MODIFY `id` int(11) NOT NULL AUTO_INCREMENT, AUTO_INCREMENT=4;

ALTER TABLE `com_catalogsystem_set`
  MODIFY `id` int(11) NOT NULL AUTO_INCREMENT, AUTO_INCREMENT=4;

ALTER TABLE `com_catalogsystem_source`
  MODIFY `id` int(11) NOT NULL AUTO_INCREMENT, AUTO_INCREMENT=2;

ALTER TABLE `com_catalogsystem_team`
  MODIFY `id` int(11) NOT NULL AUTO_INCREMENT;

-- Add cascade deletes
-- (ex: when a problem is deleted, its history and problemset relationships are also deleted)

ALTER TABLE `com_catalogsystem_problemset` ADD CONSTRAINT `ProblemSetProblemID` FOREIGN KEY (`problem_id`) REFERENCES `com_catalogsystem_problem`(`id`) ON DELETE CASCADE ON UPDATE CASCADE; -- Delete Problems from set if problem is deleted
ALTER TABLE `com_catalogsystem_history` ADD CONSTRAINT `HistoryProblemID` FOREIGN KEY (`problem_id`) REFERENCES `com_catalogsystem_problem`(`id`) ON DELETE CASCADE ON UPDATE CASCADE; -- Delete History if problem is deleted
ALTER TABLE `com_catalogsystem_problem` ADD CONSTRAINT `SourceCascade` FOREIGN KEY (`source_id`) REFERENCES `com_catalogsystem_source`(`id`) ON DELETE SET NULL ON UPDATE SET NULL; -- Set source to null if source is deleted in problem
ALTER TABLE `com_catalogsystem_problemset` ADD CONSTRAINT `ProblemSetSetID` FOREIGN KEY (`set_id`) REFERENCES `com_catalogsystem_set`(`id`) ON DELETE CASCADE ON UPDATE CASCADE; -- Delete Problems from set if set is deleted
ALTER TABLE `com_catalogsystem_problem` ADD CONSTRAINT `CategoryCascade` FOREIGN KEY (`category_id`) REFERENCES `com_catalogsystem_category`(`id`) ON DELETE SET NULL ON UPDATE SET NULL; -- Set category to null if category is deleted in problem
ALTER TABLE `com_catalogsystem_history` ADD  CONSTRAINT `HistoryTeamID` FOREIGN KEY (`team_id`) REFERENCES `com_catalogsystem_team`(`id`) ON DELETE SET NULL ON UPDATE SET NULL; -- Set team to null if team is deleted
ALTER TABLE `com_catalogsystem_history` ADD CONSTRAINT `TeamSetNull` FOREIGN KEY (`team_id`) REFERENCES `com_catalogsystem_team`(`id`) ON DELETE SET NULL ON UPDATE SET NULL;

-- Add in the data that was collected from rtpc

INSERT INTO `com_catalogsystem_history` (`id`, `problem_id`, `team_id`, `date`) VALUES
(1, 1, 3, '2022-07-23'),
(2, 2, 3, '2022-07-23'),
(3, 3, 3, '2022-07-23'),
(4, 4, 3, '2022-07-23'),
(5, 5, 3, '2022-07-23'),
(6, 6, 3, '2022-07-23'),
(7, 7, 3, '2022-07-23'),
(8, 8, 3, '2022-07-23'),
(9, 9, 3, '2022-07-23'),
(10, 10, 3, '2022-07-23'),
(11, 11, 3, '2022-07-23'),
(12, 12, 3, '2022-07-23'),
(13, 13, 3, '2022-07-09'),
(14, 14, 3, '2022-07-09'),
(15, 15, 3, '2022-07-09'),
(16, 16, 3, '2022-07-09'),
(17, 17, 3, '2022-07-09'),
(18, 18, 3, '2022-07-09'),
(19, 19, 3, '2022-07-09'),
(20, 20, 3, '2022-07-09'),
(21, 21, 3, '2022-07-09'),
(22, 22, 3, '2022-07-09'),
(23, 23, 3, '2022-07-09'),
(24, 24, 3, '2022-07-09'),
(25, 25, 3, '2022-06-18'),
(26, 26, 3, '2022-06-18'),
(27, 27, 3, '2022-06-18'),
(28, 28, 3, '2022-06-18'),
(29, 29, 3, '2022-06-18'),
(30, 30, 3, '2022-06-18'),
(31, 31, 3, '2022-06-18'),
(32, 32, 3, '2022-06-18'),
(33, 33, 3, '2022-06-18'),
(34, 34, 3, '2022-06-18'),
(35, 35, 3, '2022-06-18'),
(36, 36, 3, '2022-06-04'),
(37, 37, 3, '2022-06-04'),
(38, 38, 3, '2022-06-04'),
(39, 39, 3, '2022-06-04'),
(40, 40, 3, '2022-06-04'),
(41, 41, 3, '2022-06-04'),
(42, 42, 3, '2022-06-04'),
(43, 43, 3, '2022-06-04'),
(44, 44, 3, '2022-06-04'),
(45, 45, 3, '2022-06-04'),
(46, 46, 3, '2022-06-04'),
(47, 47, 3, '2022-06-04'),
(48, 48, 3, '2022-05-14'),
(49, 49, 3, '2022-05-14'),
(50, 50, 3, '2022-05-14'),
(51, 51, 3, '2022-05-14'),
(52, 52, 3, '2022-05-14'),
(53, 53, 3, '2022-05-14'),
(54, 54, 3, '2022-05-14'),
(55, 55, 3, '2022-05-14'),
(56, 56, 3, '2022-05-14'),
(57, 57, 3, '2022-05-14'),
(58, 58, 3, '2022-05-14'),
(59, 59, 3, '2022-05-14'),
(60, 60, 3, '2022-04-23'),
(61, 61, 3, '2022-04-23'),
(62, 62, 3, '2022-04-23'),
(63, 63, 3, '2022-04-23'),
(64, 64, 3, '2022-04-23'),
(65, 65, 3, '2022-04-23'),
(66, 66, 3, '2022-04-23'),
(67, 67, 3, '2022-04-23'),
(68, 68, 3, '2022-04-23'),
(69, 69, 3, '2022-04-23'),
(70, 70, 3, '2022-04-23'),
(71, 71, 2, '2022-04-16'),
(72, 72, 2, '2022-04-16'),
(73, 73, 2, '2022-04-16'),
(74, 74, 2, '2022-04-16'),
(75, 75, 2, '2022-04-16'),
(76, 76, 2, '2022-04-16'),
(77, 77, 2, '2022-04-16'),
(78, 78, 2, '2022-04-16'),
(79, 79, 2, '2022-04-16'),
(80, 80, 2, '2022-04-16'),
(81, 81, 2, '2022-04-16'),
(82, 82, 2, '2022-04-16'),
(83, 83, 1, '2022-04-16'),
(84, 79, 2, '2022-04-16'),
(85, 84, 1, '2022-04-16'),
(86, 82, 2, '2022-04-16'),
(87, 85, 1, '2022-04-16'),
(88, 86, 1, '2022-04-16'),
(89, 76, 2, '2022-04-16'),
(90, 78, 2, '2022-04-16'),
(91, 87, 1, '2022-04-16'),
(92, 88, 1, '2022-04-16'),
(93, 89, 1, '2022-04-16'),
(94, 90, 1, '2022-04-16'),
(95, 91, 2, '2022-04-09'),
(96, 92, 2, '2022-04-09'),
(97, 93, 2, '2022-04-09'),
(98, 94, 2, '2022-04-09'),
(99, 95, 2, '2022-04-09'),
(100, 96, 2, '2022-04-09'),
(101, 97, 2, '2022-04-09'),
(102, 98, 2, '2022-04-09'),
(103, 99, 2, '2022-04-09'),
(104, 100, 2, '2022-04-09'),
(105, 101, 2, '2022-04-09'),
(106, 102, 2, '2022-04-09'),
(107, 103, 2, '2022-04-09'),
(108, 104, 1, '2022-04-09'),
(109, 92, 2, '2022-04-09'),
(110, 93, 2, '2022-04-09'),
(111, 105, 1, '2022-04-09'),
(112, 95, 2, '2022-04-09'),
(113, 106, 1, '2022-04-09'),
(114, 97, 2, '2022-04-09'),
(115, 98, 2, '2022-04-09'),
(116, 107, 1, '2022-04-09'),
(117, 108, 1, '2022-04-09'),
(118, 109, 1, '2022-04-09'),
(119, 110, 1, '2022-04-09'),
(120, 111, 2, '2022-04-02'),
(121, 112, 2, '2022-04-02'),
(122, 113, 2, '2022-04-02'),
(123, 114, 2, '2022-04-02'),
(124, 115, 2, '2022-04-02'),
(125, 116, 2, '2022-04-02'),
(126, 117, 2, '2022-04-02'),
(127, 118, 2, '2022-04-02'),
(128, 119, 2, '2022-04-02'),
(129, 120, 2, '2022-04-02'),
(130, 121, 2, '2022-04-02'),
(131, 122, 1, '2022-04-02'),
(132, 123, 1, '2022-04-02'),
(133, 124, 1, '2022-04-02'),
(134, 125, 1, '2022-04-02'),
(135, 126, 1, '2022-04-02'),
(136, 127, 1, '2022-04-02'),
(137, 128, 1, '2022-04-02'),
(138, 129, 1, '2022-04-02'),
(139, 130, 1, '2022-04-02'),
(140, 131, 1, '2022-04-02'),
(141, 132, 1, '2022-04-02'),
(142, 133, 1, '2022-04-02'),
(143, 134, 1, '2022-03-26'),
(144, 135, 1, '2022-03-26'),
(145, 136, 1, '2022-03-26'),
(146, 137, 1, '2022-03-26'),
(147, 138, 1, '2022-03-26'),
(148, 139, 1, '2022-03-26'),
(149, 140, 1, '2022-03-26'),
(150, 141, 1, '2022-03-26'),
(151, 142, 1, '2022-03-26'),
(152, 143, 1, '2022-03-26'),
(153, 144, 1, '2022-03-26'),
(154, 145, 2, '2022-03-19'),
(155, 146, 2, '2022-03-19'),
(156, 147, 2, '2022-03-19'),
(157, 148, 2, '2022-03-19'),
(158, 149, 2, '2022-03-19'),
(159, 150, 2, '2022-03-19'),
(160, 151, 2, '2022-03-19'),
(161, 152, 2, '2022-03-19'),
(162, 153, 2, '2022-03-19'),
(163, 154, 2, '2022-03-19'),
(164, 155, 2, '2022-03-19'),
(165, 147, 2, '2022-03-19'),
(166, 151, 2, '2022-03-19'),
(167, 156, 1, '2022-03-19'),
(168, 153, 2, '2022-03-19'),
(169, 157, 1, '2022-03-19'),
(170, 158, 1, '2022-03-19'),
(171, 159, 1, '2022-03-19'),
(172, 160, 1, '2022-03-19'),
(173, 161, 1, '2022-03-19'),
(174, 162, 1, '2022-03-19'),
(175, 154, 2, '2022-03-19'),
(176, 163, 2, '2022-02-26'),
(177, 164, 2, '2022-02-26'),
(178, 165, 2, '2022-02-26'),
(179, 166, 2, '2022-02-26'),
(180, 167, 2, '2022-02-26'),
(181, 168, 2, '2022-02-26'),
(182, 169, 2, '2022-02-26'),
(183, 170, 2, '2022-02-26'),
(184, 171, 2, '2022-02-26'),
(185, 172, 2, '2022-02-26'),
(186, 173, 2, '2022-02-26'),
(187, 174, 1, '2022-02-26'),
(188, 175, 1, '2022-02-26'),
(189, 176, 1, '2022-02-26'),
(190, 177, 1, '2022-02-26'),
(191, 178, 1, '2022-02-26'),
(192, 179, 1, '2022-02-26'),
(193, 180, 1, '2022-02-26'),
(194, 181, 1, '2022-02-26'),
(195, 182, 1, '2022-02-26'),
(196, 183, 1, '2022-02-26'),
(197, 184, 1, '2022-02-26'),
(198, 185, 1, '2022-02-26'),
(199, 186, 1, '2022-02-19'),
(200, 187, 1, '2022-02-19'),
(201, 188, 1, '2022-02-19'),
(202, 189, 1, '2022-02-19'),
(203, 190, 1, '2022-02-19'),
(204, 191, 1, '2022-02-19'),
(205, 192, 1, '2022-02-19'),
(206, 193, 1, '2022-02-19'),
(207, 194, 1, '2022-02-19'),
(208, 195, 1, '2022-02-19'),
(209, 196, 1, '2022-02-19'),
(210, 197, 2, '2022-02-12'),
(211, 198, 2, '2022-02-12'),
(212, 199, 2, '2022-02-12'),
(213, 200, 2, '2022-02-12'),
(214, 201, 2, '2022-02-12'),
(215, 202, 2, '2022-02-12'),
(216, 203, 2, '2022-02-12'),
(217, 204, 2, '2022-02-12'),
(218, 205, 2, '2022-02-12'),
(219, 206, 2, '2022-02-12'),
(220, 207, 2, '2022-02-12'),
(221, 208, 1, '2022-02-12'),
(222, 209, 1, '2022-02-12'),
(223, 210, 1, '2022-02-12'),
(224, 211, 1, '2022-02-12'),
(225, 212, 1, '2022-02-12'),
(226, 213, 1, '2022-02-12'),
(227, 214, 1, '2022-02-12'),
(228, 215, 1, '2022-02-12'),
(229, 216, 1, '2022-02-12'),
(230, 217, 1, '2022-02-12'),
(231, 218, 1, '2022-02-12'),
(232, 219, 1, '2022-02-12'),
(233, 220, 3, '2022-02-05'),
(234, 221, 3, '2022-02-05'),
(235, 222, 3, '2022-02-05'),
(236, 223, 3, '2022-02-05'),
(237, 224, 3, '2022-02-05'),
(238, 225, 3, '2022-02-05'),
(239, 226, 3, '2022-02-05'),
(240, 227, 3, '2022-02-05'),
(241, 228, 3, '2022-02-05'),
(242, 229, 3, '2022-02-05'),
(243, 230, 3, '2022-02-05'),
(244, 31, 3, '2022-01-29'),
(245, 231, 2, '2022-01-29'),
(246, 232, 2, '2022-01-29'),
(247, 233, 2, '2022-01-29'),
(248, 234, 2, '2022-01-29'),
(249, 235, 2, '2022-01-29'),
(250, 236, 2, '2022-01-29'),
(251, 237, 2, '2022-01-29'),
(252, 238, 2, '2022-01-29'),
(253, 239, 2, '2022-01-29'),
(254, 240, 2, '2022-01-29'),
(255, 241, 1, '2022-01-29'),
(256, 242, 1, '2022-01-29'),
(257, 243, 1, '2022-01-29'),
(258, 244, 1, '2022-01-29'),
(259, 31, 3, '2022-01-29'),
(260, 245, 1, '2022-01-29'),
(261, 246, 1, '2022-01-29'),
(262, 247, 1, '2022-01-29'),
(263, 248, 1, '2022-01-29'),
(264, 231, 2, '2022-01-29'),
(265, 249, 1, '2022-01-29'),
(266, 240, 2, '2022-01-29'),
(267, 250, 2, '2022-01-15'),
(268, 251, 2, '2022-01-15'),
(269, 252, 2, '2022-01-15'),
(270, 253, 2, '2022-01-15'),
(271, 254, 2, '2022-01-15'),
(272, 255, 2, '2022-01-15'),
(273, 256, 2, '2022-01-15'),
(274, 257, 2, '2022-01-15'),
(275, 258, 2, '2022-01-15'),
(276, 259, 2, '2022-01-15'),
(277, 260, 2, '2022-01-15'),
(278, 261, 2, '2022-01-15'),
(279, 262, 2, '2022-01-15'),
(280, 263, 1, '2022-01-15'),
(281, 264, 1, '2022-01-15'),
(282, 265, 1, '2022-01-15'),
(283, 266, 1, '2022-01-15'),
(284, 267, 1, '2022-01-15'),
(285, 268, 1, '2022-01-15'),
(286, 269, 1, '2022-01-15'),
(287, 270, 1, '2022-01-15'),
(288, 271, 1, '2022-01-15'),
(289, 272, 1, '2022-01-15'),
(290, 273, 1, '2022-01-15'),
(291, 274, 1, '2022-01-15'),
(292, 275, 1, '2022-01-15'),
(293, 276, 1, '2022-01-15'),
(294, 277, 1, '2022-01-15'),
(295, 278, 2, '2022-01-08'),
(296, 279, 2, '2022-01-08'),
(297, 280, 2, '2022-01-08'),
(298, 281, 2, '2022-01-08'),
(299, 282, 2, '2022-01-08'),
(300, 283, 2, '2022-01-08'),
(301, 284, 2, '2022-01-08'),
(302, 285, 2, '2022-01-08'),
(303, 286, 2, '2022-01-08'),
(304, 287, 2, '2022-01-08'),
(305, 288, 2, '2022-01-08'),
(306, 278, 2, '2022-01-08'),
(307, 289, 1, '2022-01-08'),
(308, 290, 1, '2022-01-08'),
(309, 287, 2, '2022-01-08'),
(310, 291, 1, '2022-01-08'),
(311, 292, 1, '2022-01-08'),
(312, 293, 1, '2022-01-08'),
(313, 294, 1, '2022-01-08'),
(314, 288, 2, '2022-01-08'),
(315, 295, 1, '2022-01-08'),
(316, 296, 1, '2022-01-08'),
(317, 297, 1, '2022-01-08'),
(318, 298, 3, '2022-01-05'),
(319, 299, 3, '2022-01-05'),
(320, 300, 3, '2022-01-05'),
(321, 301, 3, '2022-01-05'),
(322, 302, 3, '2022-01-05'),
(323, 303, 3, '2022-01-05'),
(324, 304, 3, '2022-01-05'),
(325, 305, 3, '2022-01-05'),
(326, 306, 3, '2022-01-05'),
(327, 307, 3, '2022-01-03'),
(328, 308, 3, '2022-01-03'),
(329, 309, 3, '2022-01-03'),
(330, 310, 3, '2022-01-03'),
(331, 311, 3, '2022-01-03'),
(332, 312, 3, '2022-01-03'),
(333, 313, 3, '2022-01-03'),
(334, 314, 3, '2022-01-03'),
(335, 315, 3, '2022-01-03'),
(336, 316, 2, '2021-12-11'),
(337, 317, 2, '2021-12-11'),
(338, 318, 2, '2021-12-11'),
(339, 319, 2, '2021-12-11'),
(340, 320, 2, '2021-12-11'),
(341, 321, 2, '2021-12-11'),
(342, 322, 2, '2021-12-11'),
(343, 323, 2, '2021-12-11'),
(344, 324, 2, '2021-12-11'),
(345, 325, 2, '2021-12-11'),
(346, 326, 2, '2021-12-11'),
(347, 327, 1, '2021-12-11'),
(348, 328, 1, '2021-12-11'),
(349, 329, 1, '2021-12-11'),
(350, 321, 2, '2021-12-11'),
(351, 330, 1, '2021-12-11'),
(352, 331, 1, '2021-12-11'),
(353, 332, 1, '2021-12-11'),
(354, 325, 2, '2021-12-11'),
(355, 324, 2, '2021-12-11'),
(356, 333, 1, '2021-12-11'),
(357, 334, 1, '2021-12-11'),
(358, 335, 1, '2021-12-11'),
(359, 336, 2, '2021-12-04'),
(360, 337, 2, '2021-12-04'),
(361, 338, 2, '2021-12-04'),
(362, 339, 2, '2021-12-04'),
(363, 340, 2, '2021-12-04'),
(364, 341, 2, '2021-12-04'),
(365, 342, 2, '2021-12-04'),
(366, 343, 2, '2021-12-04'),
(367, 344, 2, '2021-12-04'),
(368, 345, 2, '2021-12-04'),
(369, 346, 1, '2021-12-04'),
(370, 337, 2, '2021-12-04'),
(371, 347, 1, '2021-12-04'),
(372, 344, 2, '2021-12-04'),
(373, 348, 1, '2021-12-04'),
(374, 349, 1, '2021-12-04'),
(375, 350, 1, '2021-12-04'),
(376, 345, 2, '2021-12-04'),
(377, 351, 1, '2021-12-04'),
(378, 352, 1, '2021-12-04'),
(379, 353, 1, '2021-12-04'),
(380, 354, 2, '2021-11-20'),
(381, 355, 2, '2021-11-20'),
(382, 356, 2, '2021-11-20'),
(383, 357, 2, '2021-11-20'),
(384, 358, 2, '2021-11-20'),
(385, 359, 2, '2021-11-20'),
(386, 360, 2, '2021-11-20'),
(387, 361, 2, '2021-11-20'),
(388, 362, 2, '2021-11-20'),
(389, 363, 2, '2021-11-20'),
(390, 358, 2, '2021-11-20'),
(391, 362, 2, '2021-11-20'),
(392, 364, 1, '2021-11-20'),
(393, 365, 1, '2021-11-20'),
(394, 366, 1, '2021-11-20'),
(395, 367, 1, '2021-11-20'),
(396, 368, 1, '2021-11-20'),
(397, 369, 1, '2021-11-20'),
(398, 370, 1, '2021-11-20'),
(399, 371, 1, '2021-11-20'),
(400, 363, 2, '2021-11-20'),
(401, 372, 1, '2021-11-20'),
(402, 373, 2, '2021-11-13'),
(403, 374, 2, '2021-11-13'),
(404, 375, 2, '2021-11-13'),
(405, 376, 2, '2021-11-13'),
(406, 377, 2, '2021-11-13'),
(407, 378, 2, '2021-11-13'),
(408, 379, 2, '2021-11-13'),
(409, 380, 2, '2021-11-13'),
(410, 381, 2, '2021-11-13'),
(411, 382, 2, '2021-11-13'),
(412, 383, 1, '2021-11-13'),
(413, 384, 1, '2021-11-13'),
(414, 378, 2, '2021-11-13'),
(415, 379, 2, '2021-11-13'),
(416, 380, 2, '2021-11-13'),
(417, 385, 1, '2021-11-13'),
(418, 386, 1, '2021-11-13'),
(419, 387, 1, '2021-11-13'),
(420, 381, 2, '2021-11-13'),
(421, 388, 1, '2021-11-13'),
(422, 389, 1, '2021-11-13'),
(423, 382, 2, '2021-11-13'),
(424, 390, 1, '2021-11-13'),
(425, 391, 2, '2021-11-06'),
(426, 392, 2, '2021-11-06'),
(427, 393, 2, '2021-11-06'),
(428, 394, 2, '2021-11-06'),
(429, 395, 2, '2021-11-06'),
(430, 396, 2, '2021-11-06'),
(431, 397, 2, '2021-11-06'),
(432, 398, 2, '2021-11-06'),
(433, 399, 2, '2021-11-06'),
(434, 400, 2, '2021-11-06'),
(435, 401, 1, '2021-11-06'),
(436, 402, 1, '2021-11-06'),
(437, 403, 1, '2021-11-06'),
(438, 391, 2, '2021-11-06'),
(439, 404, 1, '2021-11-06'),
(440, 393, 2, '2021-11-06'),
(441, 405, 1, '2021-11-06'),
(442, 406, 1, '2021-11-06'),
(443, 399, 2, '2021-11-06'),
(444, 400, 2, '2021-11-06'),
(445, 407, 1, '2021-11-06'),
(446, 408, 1, '2021-11-06'),
(447, 409, 1, '2021-11-06'),
(448, 410, 1, '2021-11-06'),
(449, 411, 2, '2021-10-23'),
(450, 412, 2, '2021-10-23'),
(451, 413, 2, '2021-10-23'),
(452, 414, 2, '2021-10-23'),
(453, 415, 2, '2021-10-23'),
(454, 416, 2, '2021-10-23'),
(455, 417, 2, '2021-10-23'),
(456, 418, 2, '2021-10-23'),
(457, 419, 2, '2021-10-23'),
(458, 420, 2, '2021-10-23'),
(459, 421, 2, '2021-10-23'),
(460, 422, 2, '2021-10-23'),
(461, 423, 1, '2021-10-23'),
(462, 415, 2, '2021-10-23'),
(463, 424, 1, '2021-10-23'),
(464, 425, 1, '2021-10-23'),
(465, 426, 1, '2021-10-23'),
(466, 417, 2, '2021-10-23'),
(467, 427, 1, '2021-10-23'),
(468, 428, 1, '2021-10-23'),
(469, 429, 1, '2021-10-23'),
(470, 430, 1, '2021-10-23'),
(471, 420, 2, '2021-10-23'),
(472, 431, 1, '2021-10-23'),
(473, 421, 2, '2021-10-23'),
(474, 432, 2, '2021-10-16'),
(475, 433, 2, '2021-10-16'),
(476, 434, 2, '2021-10-16'),
(477, 435, 2, '2021-10-16'),
(478, 436, 2, '2021-10-16'),
(479, 437, 2, '2021-10-16'),
(480, 438, 2, '2021-10-16'),
(481, 439, 2, '2021-10-16'),
(482, 440, 2, '2021-10-16'),
(483, 441, 2, '2021-10-16'),
(484, 442, 1, '2021-10-16'),
(485, 443, 1, '2021-10-16'),
(486, 444, 1, '2021-10-16'),
(487, 445, 1, '2021-10-16'),
(488, 446, 1, '2021-10-16'),
(489, 447, 1, '2021-10-16'),
(490, 448, 1, '2021-10-16'),
(491, 449, 1, '2021-10-16'),
(492, 450, 1, '2021-10-16'),
(493, 451, 1, '2021-10-16'),
(494, 452, 1, '2021-10-16'),
(495, 453, 2, '2021-10-09'),
(496, 454, 2, '2021-10-09'),
(497, 455, 2, '2021-10-09'),
(498, 456, 2, '2021-10-09'),
(499, 457, 2, '2021-10-09'),
(500, 458, 2, '2021-10-09'),
(501, 459, 2, '2021-10-09'),
(502, 460, 2, '2021-10-09'),
(503, 461, 2, '2021-10-09'),
(504, 462, 2, '2021-10-09'),
(505, 463, 2, '2021-10-09'),
(506, 464, 1, '2021-10-09'),
(507, 465, 1, '2021-10-09'),
(508, 466, 1, '2021-10-09'),
(509, 467, 1, '2021-10-09'),
(510, 468, 1, '2021-10-09'),
(511, 469, 1, '2021-10-09'),
(512, 470, 1, '2021-10-09'),
(513, 471, 1, '2021-10-09'),
(514, 472, 1, '2021-10-09'),
(515, 473, 1, '2021-10-09'),
(516, 474, 1, '2021-10-09'),
(517, 475, 2, '2021-10-02'),
(518, 476, 2, '2021-10-02'),
(519, 477, 2, '2021-10-02'),
(520, 478, 2, '2021-10-02'),
(521, 479, 2, '2021-10-02'),
(522, 480, 2, '2021-10-02'),
(523, 481, 2, '2021-10-02'),
(524, 482, 2, '2021-10-02'),
(525, 483, 2, '2021-10-02'),
(526, 484, 2, '2021-10-02'),
(527, 485, 2, '2021-10-02'),
(528, 486, 1, '2021-10-02'),
(529, 487, 1, '2021-10-02'),
(530, 488, 1, '2021-10-02'),
(531, 489, 1, '2021-10-02'),
(532, 490, 1, '2021-10-02'),
(533, 491, 1, '2021-10-02'),
(534, 492, 1, '2021-10-02'),
(535, 493, 1, '2021-10-02'),
(536, 494, 1, '2021-10-02'),
(537, 495, 1, '2021-10-02'),
(538, 496, 2, '2021-09-25'),
(539, 497, 2, '2021-09-25'),
(540, 498, 2, '2021-09-25'),
(541, 499, 2, '2021-09-25'),
(542, 500, 2, '2021-09-25'),
(543, 501, 2, '2021-09-25'),
(544, 502, 2, '2021-09-25'),
(545, 503, 2, '2021-09-25'),
(546, 504, 2, '2021-09-25'),
(547, 505, 2, '2021-09-25'),
(548, 506, 1, '2021-09-25'),
(549, 507, 1, '2021-09-25'),
(550, 508, 1, '2021-09-25'),
(551, 509, 1, '2021-09-25'),
(552, 510, 1, '2021-09-25'),
(553, 511, 1, '2021-09-25'),
(554, 219, 1, '2021-09-25'),
(555, 512, 1, '2021-09-25'),
(556, 513, 1, '2021-09-25'),
(557, 514, 1, '2021-09-25'),
(558, 515, 2, '2021-09-18'),
(559, 355, 2, '2021-09-18'),
(560, 516, 2, '2021-09-18'),
(561, 517, 2, '2021-09-18'),
(562, 518, 2, '2021-09-18'),
(563, 519, 2, '2021-09-18'),
(564, 360, 2, '2021-09-18'),
(565, 520, 2, '2021-09-18'),
(566, 521, 2, '2021-09-18'),
(567, 522, 2, '2021-09-18'),
(568, 523, 2, '2021-07-24'),
(569, 524, 2, '2021-07-24'),
(570, 525, 2, '2021-07-24'),
(571, 526, 2, '2021-07-24'),
(572, 527, 2, '2021-07-24'),
(573, 528, 2, '2021-07-24'),
(574, 529, 2, '2021-07-24'),
(575, 530, 2, '2021-07-24'),
(576, 531, 2, '2021-07-24'),
(577, 532, 2, '2021-07-24'),
(578, 19, 3, '2021-07-24'),
(579, 533, 1, '2021-07-24'),
(580, 534, 1, '2021-07-24'),
(581, 535, 1, '2021-07-24'),
(582, 536, 1, '2021-07-24'),
(583, 537, 1, '2021-07-24'),
(584, 234, 2, '2021-07-24'),
(585, 538, 1, '2021-07-24'),
(586, 539, 1, '2021-07-24'),
(587, 540, 1, '2021-07-24'),
(588, 541, 1, '2021-07-24'),
(589, 542, 1, '2021-07-24'),
(590, 543, 2, '2021-07-10'),
(591, 392, 2, '2021-07-10'),
(592, 544, 2, '2021-07-10'),
(593, 394, 2, '2021-07-10'),
(594, 395, 2, '2021-07-10'),
(595, 396, 2, '2021-07-10'),
(596, 397, 2, '2021-07-10'),
(597, 398, 2, '2021-07-10'),
(598, 545, 2, '2021-07-10'),
(599, 546, 1, '2021-07-10'),
(600, 547, 1, '2021-07-10'),
(601, 548, 1, '2021-07-10'),
(602, 549, 1, '2021-07-10'),
(603, 550, 1, '2021-07-10'),
(604, 551, 1, '2021-07-10'),
(605, 552, 1, '2021-07-10'),
(606, 553, 1, '2021-07-10'),
(607, 554, 1, '2021-07-10'),
(608, 555, 1, '2021-07-10'),
(609, 556, 1, '2021-07-10'),
(610, 557, 1, '2021-07-10'),
(611, 558, 2, '2021-06-19'),
(612, 559, 2, '2021-06-19'),
(613, 560, 2, '2021-06-19'),
(614, 561, 2, '2021-06-19'),
(615, 562, 2, '2021-06-19'),
(616, 563, 2, '2021-06-19'),
(617, 564, 2, '2021-06-19'),
(618, 565, 2, '2021-06-19'),
(619, 566, 2, '2021-06-19'),
(620, 567, 1, '2021-06-19'),
(621, 568, 1, '2021-06-19'),
(622, 569, 1, '2021-06-19'),
(623, 570, 1, '2021-06-19'),
(624, 571, 1, '2021-06-19'),
(625, 572, 1, '2021-06-19'),
(626, 573, 1, '2021-06-19'),
(627, 574, 1, '2021-06-19'),
(628, 575, 1, '2021-06-19'),
(629, 576, 1, '2021-06-19'),
(630, 453, 2, '2021-06-05'),
(631, 454, 2, '2021-06-05'),
(632, 455, 2, '2021-06-05'),
(633, 456, 2, '2021-06-05'),
(634, 457, 2, '2021-06-05'),
(635, 458, 2, '2021-06-05'),
(636, 459, 2, '2021-06-05'),
(637, 460, 2, '2021-06-05'),
(638, 461, 2, '2021-06-05'),
(639, 462, 2, '2021-06-05'),
(640, 463, 2, '2021-06-05'),
(641, 577, 1, '2021-06-05'),
(642, 578, 1, '2021-06-05'),
(643, 579, 1, '2021-06-05'),
(644, 580, 1, '2021-06-05'),
(645, 581, 1, '2021-06-05'),
(646, 582, 1, '2021-06-05'),
(647, 583, 1, '2021-06-05'),
(648, 584, 1, '2021-06-05'),
(649, 585, 1, '2021-06-05'),
(650, 586, 1, '2021-06-05'),
(651, 587, 1, '2021-06-05'),
(652, 588, 2, '2021-04-17'),
(653, 589, 2, '2021-04-17'),
(654, 590, 2, '2021-04-17'),
(655, 591, 2, '2021-04-17'),
(656, 592, 2, '2021-04-17'),
(657, 593, 2, '2021-04-17'),
(658, 594, 2, '2021-04-17'),
(659, 595, 2, '2021-04-17'),
(660, 596, 2, '2021-04-17'),
(661, 597, 2, '2021-04-17'),
(662, 598, 2, '2021-04-17'),
(663, 599, 3, '2021-04-16'),
(664, 600, 3, '2021-04-16'),
(665, 601, 3, '2021-04-16'),
(666, 602, 3, '2021-04-16'),
(667, 603, 3, '2021-04-16'),
(668, 604, 3, '2021-04-16'),
(669, 605, 3, '2021-04-16'),
(670, 606, 3, '2021-04-15'),
(671, 607, 3, '2021-04-15'),
(672, 608, 3, '2021-04-15'),
(673, 609, 3, '2021-04-15'),
(674, 610, 3, '2021-04-15'),
(675, 611, 3, '2021-04-15'),
(676, 612, 3, '2021-04-15'),
(677, 613, 3, '2021-04-15'),
(678, 614, 3, '2021-04-15'),
(679, 615, 3, '2021-04-14'),
(680, 616, 3, '2021-04-14'),
(681, 617, 3, '2021-04-14'),
(682, 618, 3, '2021-04-14'),
(683, 619, 3, '2021-04-14'),
(684, 620, 3, '2021-04-14'),
(685, 621, 3, '2021-04-14'),
(686, 622, 3, '2021-04-14'),
(687, 623, 3, '2021-04-14'),
(688, 624, 3, '2021-04-14'),
(689, 625, 3, '2021-04-14'),
(690, 626, 3, '2021-04-14'),
(691, 627, 3, '2021-04-14'),
(692, 628, 3, '2021-04-14'),
(693, 629, 3, '2021-04-14'),
(694, 630, 3, '2021-04-14'),
(695, 631, 3, '2021-04-14'),
(696, 632, 3, '2021-04-14'),
(697, 633, 3, '2021-04-14'),
(698, 634, 3, '2021-04-14'),
(699, 635, 3, '2021-04-14'),
(700, 636, 3, '2021-04-14'),
(701, 637, 3, '2021-04-14'),
(702, 638, 3, '2021-04-14'),
(703, 639, 3, '2021-04-14'),
(704, 640, 3, '2021-04-14'),
(705, 641, 3, '2021-04-13'),
(706, 642, 3, '2021-04-13'),
(707, 643, 3, '2021-04-13'),
(708, 644, 3, '2021-04-13'),
(709, 645, 3, '2021-04-13'),
(710, 646, 3, '2021-04-13'),
(711, 647, 3, '2021-04-13'),
(712, 648, 3, '2021-04-13'),
(713, 649, 3, '2021-04-13'),
(714, 650, 3, '2021-04-12'),
(715, 651, 3, '2021-04-12'),
(716, 652, 3, '2021-04-12'),
(717, 653, 3, '2021-04-12'),
(718, 654, 3, '2021-04-12'),
(719, 655, 3, '2021-04-12'),
(720, 656, 3, '2021-04-12'),
(721, 314, 3, '2021-04-12'),
(722, 657, 3, '2021-04-12'),
(723, 658, 2, '2021-04-10'),
(724, 280, 2, '2021-04-10'),
(725, 659, 2, '2021-04-10'),
(726, 660, 2, '2021-04-10'),
(727, 661, 2, '2021-04-10'),
(728, 662, 2, '2021-04-10'),
(729, 663, 2, '2021-04-10'),
(730, 664, 2, '2021-04-10'),
(731, 665, 2, '2021-04-10'),
(732, 666, 2, '2021-04-10'),
(733, 667, 1, '2021-04-10'),
(734, 668, 1, '2021-04-10'),
(735, 669, 1, '2021-04-10'),
(736, 670, 1, '2021-04-10'),
(737, 671, 1, '2021-04-10'),
(738, 672, 1, '2021-04-10'),
(739, 673, 1, '2021-04-10'),
(740, 674, 1, '2021-04-10'),
(741, 675, 1, '2021-04-10'),
(742, 676, 1, '2021-04-10'),
(743, 677, 1, '2021-04-10'),
(744, 678, 1, '2021-04-10'),
(745, 679, 3, '2021-04-03'),
(746, 680, 3, '2021-04-03'),
(747, 681, 3, '2021-04-03'),
(748, 682, 3, '2021-04-03'),
(749, 683, 3, '2021-04-03'),
(750, 684, 3, '2021-04-03'),
(751, 685, 3, '2021-04-03'),
(752, 686, 3, '2021-04-03'),
(753, 687, 3, '2021-04-03'),
(754, 688, 3, '2021-04-03'),
(755, 689, 3, '2021-04-03'),
(756, 690, 3, '2021-04-03'),
(757, 691, 3, '2021-04-03'),
(758, 692, 3, '2021-04-03'),
(759, 693, 3, '2021-04-03'),
(760, 694, 3, '2021-04-03'),
(761, 695, 3, '2021-03-27'),
(762, 696, 3, '2021-03-27'),
(763, 697, 3, '2021-03-27'),
(764, 698, 3, '2021-03-27'),
(765, 699, 3, '2021-03-27'),
(766, 700, 3, '2021-03-27'),
(767, 701, 3, '2021-03-27'),
(768, 702, 3, '2021-03-27'),
(769, 703, 3, '2021-03-27'),
(770, 704, 3, '2021-03-27'),
(771, 705, 3, '2021-03-27'),
(772, 706, 3, '2021-03-27'),
(773, 707, 3, '2021-03-27'),
(774, 708, 3, '2021-03-27'),
(775, 709, 3, '2021-03-27'),
(776, 710, 3, '2021-03-27'),
(777, 711, 2, '2021-03-13'),
(778, 712, 2, '2021-03-13'),
(779, 713, 2, '2021-03-13'),
(780, 714, 2, '2021-03-13'),
(781, 715, 2, '2021-03-13'),
(782, 716, 2, '2021-03-13'),
(783, 717, 2, '2021-03-13'),
(784, 718, 2, '2021-03-13'),
(785, 719, 2, '2021-03-13'),
(786, 720, 2, '2021-03-13'),
(787, 721, 2, '2021-03-13'),
(788, 722, 2, '2021-03-13'),
(789, 723, 1, '2021-03-13'),
(790, 724, 1, '2021-03-13'),
(791, 725, 1, '2021-03-13'),
(792, 726, 1, '2021-03-13'),
(793, 727, 1, '2021-03-13'),
(794, 728, 1, '2021-03-13'),
(795, 729, 1, '2021-03-13'),
(796, 730, 1, '2021-03-13'),
(797, 731, 1, '2021-03-13'),
(798, 732, 1, '2021-03-13'),
(799, 733, 1, '2021-03-13'),
(800, 734, 1, '2021-03-13'),
(801, 735, 1, '2021-03-13'),
(802, 287, 2, '2021-02-27'),
(803, 736, 3, '2021-02-27'),
(804, 737, 3, '2021-02-27'),
(805, 738, 3, '2021-02-27'),
(806, 739, 3, '2021-02-27'),
(807, 740, 3, '2021-02-27'),
(808, 741, 3, '2021-02-27'),
(809, 742, 3, '2021-02-27'),
(810, 743, 3, '2021-02-27'),
(811, 744, 3, '2021-02-27'),
(812, 745, 3, '2021-02-27'),
(813, 746, 3, '2021-02-27'),
(814, 747, 3, '2021-02-27'),
(815, 748, 3, '2021-02-27'),
(816, 749, 3, '2021-02-13'),
(817, 750, 3, '2021-02-13'),
(818, 751, 3, '2021-02-13'),
(819, 752, 3, '2021-02-13'),
(820, 753, 3, '2021-02-13'),
(821, 754, 3, '2021-02-13'),
(822, 755, 3, '2021-02-13'),
(823, 756, 3, '2021-02-13'),
(824, 757, 3, '2021-02-13'),
(825, 758, 3, '2021-02-13'),
(826, 759, 3, '2021-02-13'),
(827, 760, 3, '2021-02-13'),
(828, 761, 3, '2021-02-13'),
(829, 762, 3, '2021-02-13'),
(830, 763, 3, '2021-02-13'),
(831, 764, 2, '2021-02-06'),
(832, 765, 2, '2021-02-06'),
(833, 766, 2, '2021-02-06'),
(834, 767, 2, '2021-02-06'),
(835, 768, 2, '2021-02-06'),
(836, 769, 2, '2021-02-06'),
(837, 770, 2, '2021-02-06'),
(838, 771, 2, '2021-02-06'),
(839, 772, 2, '2021-02-06'),
(840, 773, 2, '2021-02-06'),
(841, 774, 2, '2021-02-06'),
(842, 775, 2, '2021-02-06'),
(843, 776, 2, '2021-02-06'),
(844, 777, 2, '2021-01-23'),
(845, 778, 2, '2021-01-23'),
(846, 779, 2, '2021-01-23'),
(847, 780, 2, '2021-01-23'),
(848, 781, 2, '2021-01-23'),
(849, 782, 2, '2021-01-23'),
(850, 783, 2, '2021-01-23'),
(851, 784, 2, '2021-01-23'),
(852, 785, 2, '2021-01-23'),
(853, 786, 2, '2021-01-23'),
(854, 787, 2, '2021-01-23'),
(855, 779, 2, '2021-01-23'),
(856, 788, 1, '2021-01-23'),
(857, 777, 2, '2021-01-23'),
(858, 789, 1, '2021-01-23'),
(859, 790, 1, '2021-01-23'),
(860, 781, 2, '2021-01-23'),
(861, 791, 1, '2021-01-23'),
(862, 792, 1, '2021-01-23'),
(863, 783, 2, '2021-01-23'),
(864, 793, 1, '2021-01-23'),
(865, 794, 1, '2021-01-23'),
(866, 786, 2, '2021-01-23'),
(867, 782, 2, '2021-01-23'),
(868, 785, 2, '2021-01-23'),
(869, 795, 1, '2021-01-23'),
(870, 796, 2, '2021-01-16'),
(871, 797, 2, '2021-01-16'),
(872, 798, 2, '2021-01-16'),
(873, 799, 2, '2021-01-16'),
(874, 800, 2, '2021-01-16'),
(875, 801, 2, '2021-01-16'),
(876, 566, 2, '2021-01-16'),
(877, 802, 2, '2021-01-16'),
(878, 803, 2, '2021-01-16'),
(879, 804, 2, '2021-01-16'),
(880, 805, 2, '2021-01-16'),
(881, 806, 2, '2021-01-16'),
(882, 807, 2, '2021-01-16'),
(883, 808, 1, '2021-01-16'),
(884, 809, 1, '2021-01-16'),
(885, 810, 1, '2021-01-16'),
(886, 804, 2, '2021-01-16'),
(887, 805, 2, '2021-01-16'),
(888, 811, 1, '2021-01-16'),
(889, 812, 1, '2021-01-16'),
(890, 806, 2, '2021-01-16'),
(891, 813, 1, '2021-01-16'),
(892, 807, 2, '2021-01-16'),
(893, 797, 2, '2021-01-16'),
(894, 566, 2, '2021-01-16'),
(895, 802, 2, '2021-01-16'),
(896, 803, 2, '2021-01-16'),
(897, 814, 2, '2021-01-09'),
(898, 815, 2, '2021-01-09'),
(899, 816, 2, '2021-01-09'),
(900, 817, 2, '2021-01-09'),
(901, 818, 2, '2021-01-09'),
(902, 819, 2, '2021-01-09'),
(903, 820, 2, '2021-01-09'),
(904, 821, 2, '2021-01-09'),
(905, 822, 2, '2021-01-09'),
(906, 823, 2, '2021-01-09'),
(907, 824, 2, '2021-01-09'),
(908, 825, 2, '2021-01-09'),
(909, 53, 3, '2021-01-09'),
(910, 826, 2, '2021-01-09'),
(911, 824, 2, '2021-01-09'),
(912, 827, 1, '2021-01-09'),
(913, 828, 1, '2021-01-09'),
(914, 825, 2, '2021-01-09'),
(915, 53, 3, '2021-01-09'),
(916, 829, 1, '2021-01-09'),
(917, 830, 1, '2021-01-09'),
(918, 826, 2, '2021-01-09'),
(919, 831, 1, '2021-01-09'),
(920, 832, 1, '2021-01-09'),
(921, 816, 2, '2021-01-09'),
(922, 818, 2, '2021-01-09'),
(923, 821, 2, '2021-01-09'),
(924, 822, 2, '2021-01-09'),
(925, 222, 3, '2020-12-12'),
(926, 833, 2, '2020-12-12'),
(927, 834, 2, '2020-12-12'),
(928, 835, 2, '2020-12-12'),
(929, 229, 3, '2020-12-12'),
(930, 836, 2, '2020-12-12'),
(931, 837, 2, '2020-12-12'),
(932, 838, 2, '2020-12-12'),
(933, 839, 2, '2020-12-12'),
(934, 840, 2, '2020-12-12'),
(935, 841, 2, '2020-12-12'),
(936, 842, 2, '2020-12-12'),
(937, 843, 2, '2020-12-12'),
(938, 844, 1, '2020-12-12'),
(939, 845, 1, '2020-12-12'),
(940, 846, 1, '2020-12-12'),
(941, 847, 1, '2020-12-12'),
(942, 848, 1, '2020-12-12'),
(943, 849, 1, '2020-12-12'),
(944, 850, 1, '2020-12-12'),
(945, 851, 1, '2020-12-12'),
(946, 852, 1, '2020-12-12'),
(947, 853, 1, '2020-12-12'),
(948, 854, 1, '2020-12-12'),
(949, 855, 1, '2020-12-12'),
(950, 856, 2, '2020-12-05'),
(951, 857, 2, '2020-12-05'),
(952, 858, 2, '2020-12-05'),
(953, 859, 2, '2020-12-05'),
(954, 860, 2, '2020-12-05'),
(955, 861, 2, '2020-12-05'),
(956, 862, 2, '2020-12-05'),
(957, 863, 2, '2020-12-05'),
(958, 864, 2, '2020-12-05'),
(959, 865, 2, '2020-12-05'),
(960, 866, 2, '2020-12-05'),
(961, 867, 1, '2020-12-05'),
(962, 868, 1, '2020-12-05'),
(963, 869, 1, '2020-12-05'),
(964, 870, 1, '2020-12-05'),
(965, 871, 1, '2020-12-05'),
(966, 872, 1, '2020-12-05'),
(967, 873, 1, '2020-12-05'),
(968, 874, 1, '2020-12-05'),
(969, 875, 1, '2020-12-05'),
(970, 876, 1, '2020-12-05'),
(971, 316, 2, '2020-11-21'),
(972, 317, 2, '2020-11-21'),
(973, 318, 2, '2020-11-21'),
(974, 319, 2, '2020-11-21'),
(975, 320, 2, '2020-11-21'),
(976, 877, 2, '2020-11-21'),
(977, 322, 2, '2020-11-21'),
(978, 323, 2, '2020-11-21'),
(979, 878, 2, '2020-11-21'),
(980, 42, 3, '2020-11-21'),
(981, 326, 2, '2020-11-21'),
(982, 879, 1, '2020-11-21'),
(983, 840, 2, '2020-11-21'),
(984, 880, 1, '2020-11-21'),
(985, 881, 1, '2020-11-21'),
(986, 882, 1, '2020-11-21'),
(987, 883, 1, '2020-11-21'),
(988, 884, 1, '2020-11-21'),
(989, 885, 1, '2020-11-21'),
(990, 886, 1, '2020-11-21'),
(991, 887, 1, '2020-11-21'),
(992, 888, 1, '2020-11-21'),
(993, 889, 1, '2020-11-21'),
(994, 890, 2, '2020-11-14'),
(995, 891, 2, '2020-11-14'),
(996, 823, 2, '2020-11-14'),
(997, 892, 2, '2020-11-14'),
(998, 893, 2, '2020-11-14'),
(999, 894, 2, '2020-11-14'),
(1000, 895, 2, '2020-11-14'),
(1001, 896, 2, '2020-11-14'),
(1002, 897, 2, '2020-11-14'),
(1003, 898, 2, '2020-11-14'),
(1004, 899, 2, '2020-11-14'),
(1005, 900, 1, '2020-11-14'),
(1006, 901, 1, '2020-11-14'),
(1007, 315, 3, '2020-11-14'),
(1008, 902, 1, '2020-11-14'),
(1009, 475, 2, '2020-11-14'),
(1010, 903, 1, '2020-11-14'),
(1011, 904, 1, '2020-11-14'),
(1012, 905, 1, '2020-11-14'),
(1013, 906, 1, '2020-11-14'),
(1014, 907, 1, '2020-11-14'),
(1015, 908, 1, '2020-11-14'),
(1016, 909, 2, '2020-11-07'),
(1017, 910, 2, '2020-11-07'),
(1018, 911, 2, '2020-11-07'),
(1019, 345, 2, '2020-11-07'),
(1020, 912, 2, '2020-11-07'),
(1021, 913, 2, '2020-11-07'),
(1022, 914, 2, '2020-11-07'),
(1023, 915, 2, '2020-11-07'),
(1024, 916, 2, '2020-11-07'),
(1025, 917, 2, '2020-11-07'),
(1026, 918, 2, '2020-11-07'),
(1027, 919, 1, '2020-11-07'),
(1028, 920, 1, '2020-11-07'),
(1029, 921, 1, '2020-11-07'),
(1030, 922, 1, '2020-11-07'),
(1031, 923, 1, '2020-11-07'),
(1032, 924, 1, '2020-11-07'),
(1033, 925, 1, '2020-11-07'),
(1034, 926, 1, '2020-11-07'),
(1035, 927, 1, '2020-11-07'),
(1036, 928, 1, '2020-11-07'),
(1037, 929, 1, '2020-11-07'),
(1038, 930, 2, '2020-10-31'),
(1039, 786, 2, '2020-10-31'),
(1040, 931, 2, '2020-10-31'),
(1041, 932, 2, '2020-10-31'),
(1042, 933, 2, '2020-10-31'),
(1043, 934, 2, '2020-10-31'),
(1044, 784, 2, '2020-10-31'),
(1045, 935, 2, '2020-10-31'),
(1046, 778, 2, '2020-10-31'),
(1047, 936, 2, '2020-10-31'),
(1048, 937, 2, '2020-10-31'),
(1049, 938, 1, '2020-10-31'),
(1050, 939, 1, '2020-10-31'),
(1051, 940, 1, '2020-10-31'),
(1052, 189, 1, '2020-10-31'),
(1053, 941, 1, '2020-10-31'),
(1054, 942, 1, '2020-10-31'),
(1055, 943, 1, '2020-10-31'),
(1056, 944, 1, '2020-10-31'),
(1057, 945, 1, '2020-10-31'),
(1058, 946, 1, '2020-10-31'),
(1059, 947, 1, '2020-10-31'),
(1060, 948, 2, '2020-10-17'),
(1061, 949, 2, '2020-10-17'),
(1062, 950, 2, '2020-10-17'),
(1063, 951, 2, '2020-10-17'),
(1064, 952, 2, '2020-10-17'),
(1065, 953, 2, '2020-10-17'),
(1066, 954, 2, '2020-10-17'),
(1067, 955, 2, '2020-10-17'),
(1068, 956, 2, '2020-10-17'),
(1069, 957, 2, '2020-10-17'),
(1070, 958, 1, '2020-10-17'),
(1071, 959, 1, '2020-10-17'),
(1072, 960, 1, '2020-10-17'),
(1073, 961, 1, '2020-10-17'),
(1074, 962, 1, '2020-10-17'),
(1075, 963, 1, '2020-10-17'),
(1076, 964, 1, '2020-10-17'),
(1077, 965, 1, '2020-10-17'),
(1078, 966, 1, '2020-10-17'),
(1079, 967, 1, '2020-10-17'),
(1080, 968, 1, '2020-10-17'),
(1081, 969, 2, '2020-10-10'),
(1082, 970, 2, '2020-10-10'),
(1083, 500, 2, '2020-10-10'),
(1084, 971, 2, '2020-10-10'),
(1085, 972, 2, '2020-10-10'),
(1086, 973, 2, '2020-10-10'),
(1087, 974, 2, '2020-10-10'),
(1088, 975, 2, '2020-10-10'),
(1089, 976, 2, '2020-10-10'),
(1090, 977, 2, '2020-10-10'),
(1091, 978, 1, '2020-10-10'),
(1092, 979, 1, '2020-10-10'),
(1093, 980, 1, '2020-10-10'),
(1094, 981, 1, '2020-10-10'),
(1095, 982, 1, '2020-10-10'),
(1096, 983, 1, '2020-10-10'),
(1097, 984, 1, '2020-10-10'),
(1098, 985, 1, '2020-10-10'),
(1099, 986, 1, '2020-10-10'),
(1100, 987, 1, '2020-10-10'),
(1101, 988, 1, '2020-10-10'),
(1102, 989, 1, '2020-10-10'),
(1103, 990, 2, '2020-10-03'),
(1104, 991, 2, '2020-10-03'),
(1105, 517, 2, '2020-10-03'),
(1106, 992, 2, '2020-10-03'),
(1107, 993, 2, '2020-10-03'),
(1108, 994, 2, '2020-10-03'),
(1109, 521, 2, '2020-10-03'),
(1110, 995, 2, '2020-10-03'),
(1111, 996, 2, '2020-10-03'),
(1112, 997, 2, '2020-10-03'),
(1113, 998, 1, '2020-10-03'),
(1114, 999, 1, '2020-10-03'),
(1115, 614, 3, '2020-10-03'),
(1116, 202, 2, '2020-10-03'),
(1117, 1000, 1, '2020-10-03'),
(1118, 1001, 1, '2020-10-03'),
(1119, 1002, 1, '2020-10-03'),
(1120, 1003, 1, '2020-10-03'),
(1121, 1004, 1, '2020-10-03'),
(1122, 1005, 1, '2020-10-03'),
(1123, 1006, 1, '2020-10-03'),
(1124, 1007, 1, '2020-10-03'),
(1125, 948, 2, '2020-09-26'),
(1126, 1008, 2, '2020-09-26'),
(1127, 1009, 2, '2020-09-26'),
(1128, 1010, 2, '2020-09-26'),
(1129, 1011, 2, '2020-09-26'),
(1130, 1012, 2, '2020-09-26'),
(1131, 1013, 2, '2020-09-26'),
(1132, 1014, 2, '2020-09-26'),
(1133, 1015, 2, '2020-09-26'),
(1134, 1016, 2, '2020-09-26'),
(1135, 1017, 1, '2020-09-26'),
(1136, 1018, 1, '2020-09-26'),
(1137, 1019, 1, '2020-09-26'),
(1138, 1020, 1, '2020-09-26'),
(1139, 1021, 1, '2020-09-26'),
(1140, 1022, 1, '2020-09-26'),
(1141, 1023, 1, '2020-09-26'),
(1142, 1024, 1, '2020-09-26'),
(1143, 1025, 1, '2020-09-26'),
(1144, 1026, 1, '2020-09-26'),
(1145, 1027, 1, '2020-09-26'),
(1146, 1028, 1, '2020-07-25'),
(1147, 1029, 1, '2020-07-25'),
(1148, 1030, 1, '2020-07-25'),
(1149, 1031, 1, '2020-07-25'),
(1150, 1032, 1, '2020-07-25'),
(1151, 1033, 1, '2020-07-25'),
(1152, 1034, 1, '2020-07-25'),
(1153, 1035, 1, '2020-07-25'),
(1154, 1036, 1, '2020-07-25'),
(1155, 1037, 1, '2020-07-25'),
(1156, 1038, 3, '2020-07-11'),
(1157, 1039, 3, '2020-07-11'),
(1158, 1040, 3, '2020-07-11'),
(1159, 1041, 3, '2020-07-11'),
(1160, 1042, 3, '2020-07-11'),
(1161, 1043, 3, '2020-07-11'),
(1162, 1044, 3, '2020-07-11'),
(1163, 1045, 3, '2020-07-11'),
(1164, 1046, 3, '2020-07-11'),
(1165, 822, 2, '2020-07-11'),
(1166, 1047, 3, '2020-07-11'),
(1167, 1048, 1, '2020-06-20'),
(1168, 1049, 1, '2020-06-20'),
(1169, 1050, 1, '2020-06-20'),
(1170, 1051, 1, '2020-06-20'),
(1171, 1052, 1, '2020-06-20'),
(1172, 1053, 1, '2020-06-20'),
(1173, 1054, 1, '2020-06-20'),
(1174, 1055, 1, '2020-06-20'),
(1175, 1056, 1, '2020-06-20'),
(1176, 1057, 1, '2020-06-20'),
(1177, 1058, 1, '2020-06-20'),
(1178, 1059, 1, '2020-06-20'),
(1179, 1060, 3, '2020-06-06'),
(1180, 1061, 3, '2020-06-06'),
(1181, 1062, 3, '2020-06-06'),
(1182, 1063, 3, '2020-06-06'),
(1183, 1064, 3, '2020-06-06'),
(1184, 1065, 3, '2020-06-06'),
(1185, 1066, 3, '2020-06-06'),
(1186, 1067, 3, '2020-06-06'),
(1187, 1068, 3, '2020-06-06'),
(1188, 1069, 3, '2020-06-06'),
(1189, 1070, 3, '2020-05-23'),
(1190, 1071, 3, '2020-05-23'),
(1191, 1072, 3, '2020-05-23'),
(1192, 1073, 3, '2020-05-23'),
(1193, 1074, 3, '2020-05-23'),
(1194, 1075, 3, '2020-05-23'),
(1195, 1076, 3, '2020-05-23'),
(1196, 1077, 3, '2020-05-23'),
(1197, 1078, 3, '2020-05-23'),
(1198, 1079, 3, '2020-05-23'),
(1199, 1080, 3, '2020-04-18'),
(1200, 1081, 3, '2020-04-18'),
(1201, 1082, 3, '2020-04-18'),
(1202, 1083, 3, '2020-04-18'),
(1203, 1084, 3, '2020-04-18'),
(1204, 1085, 3, '2020-04-18'),
(1205, 1086, 3, '2020-04-18'),
(1206, 1087, 3, '2020-04-18'),
(1207, 1088, 3, '2020-04-18'),
(1208, 1089, 3, '2020-04-18'),
(1209, 1090, 3, '2020-04-18'),
(1210, 1091, 2, '2020-04-11'),
(1211, 1092, 2, '2020-04-11'),
(1212, 1093, 2, '2020-04-11'),
(1213, 1094, 2, '2020-04-11'),
(1214, 1095, 2, '2020-04-11'),
(1215, 1096, 2, '2020-04-11'),
(1216, 1097, 2, '2020-04-11'),
(1217, 1098, 2, '2020-04-11'),
(1218, 1099, 2, '2020-04-11'),
(1219, 1100, 2, '2020-04-11'),
(1220, 1101, 1, '2020-04-11'),
(1221, 1092, 2, '2020-04-11'),
(1222, 1102, 1, '2020-04-11'),
(1223, 1094, 2, '2020-04-11'),
(1224, 1095, 2, '2020-04-11'),
(1225, 1096, 2, '2020-04-11'),
(1226, 1097, 2, '2020-04-11'),
(1227, 1103, 1, '2020-04-11'),
(1228, 1099, 2, '2020-04-11'),
(1229, 1100, 2, '2020-04-11'),
(1230, 1104, 1, '2020-04-11'),
(1231, 1105, 2, '2020-04-04'),
(1232, 1106, 2, '2020-04-04'),
(1233, 798, 2, '2020-04-04'),
(1234, 799, 2, '2020-04-04'),
(1235, 1107, 2, '2020-04-04'),
(1236, 801, 2, '2020-04-04'),
(1237, 1108, 2, '2020-04-04'),
(1238, 1109, 2, '2020-04-04'),
(1239, 1110, 2, '2020-04-04'),
(1240, 1111, 2, '2020-04-04'),
(1241, 1112, 2, '2020-04-04'),
(1242, 1105, 2, '2020-04-04'),
(1243, 1106, 2, '2020-04-04'),
(1244, 1113, 1, '2020-04-04'),
(1245, 1114, 1, '2020-04-04'),
(1246, 1107, 2, '2020-04-04'),
(1247, 1115, 1, '2020-04-04'),
(1248, 1108, 2, '2020-04-04'),
(1249, 1109, 2, '2020-04-04'),
(1250, 1110, 2, '2020-04-04'),
(1251, 1111, 2, '2020-04-04'),
(1252, 1112, 2, '2020-04-04'),
(1253, 1116, 1, '2020-03-28'),
(1254, 1117, 1, '2020-03-28'),
(1255, 1118, 1, '2020-03-28'),
(1256, 1119, 1, '2020-03-28'),
(1257, 311, 3, '2020-03-28'),
(1258, 1120, 1, '2020-03-28'),
(1259, 612, 3, '2020-03-28'),
(1260, 1121, 1, '2020-03-28'),
(1261, 1122, 1, '2020-03-28'),
(1262, 1123, 1, '2020-03-28'),
(1263, 1124, 1, '2020-03-28'),
(1264, 1125, 1, '2020-03-28'),
(1265, 1126, 1, '2020-03-28'),
(1266, 1127, 2, '2020-03-21'),
(1267, 1128, 2, '2020-03-21'),
(1268, 313, 3, '2020-03-21'),
(1269, 1129, 2, '2020-03-21'),
(1270, 1130, 2, '2020-03-21'),
(1271, 1131, 2, '2020-03-21'),
(1272, 1132, 2, '2020-03-21'),
(1273, 1133, 2, '2020-03-21'),
(1274, 1134, 2, '2020-03-21'),
(1275, 1135, 2, '2020-03-21'),
(1276, 1136, 2, '2020-03-21'),
(1277, 1127, 2, '2020-03-21'),
(1278, 1128, 2, '2020-03-21'),
(1279, 313, 3, '2020-03-21'),
(1280, 1137, 1, '2020-03-21'),
(1281, 1138, 1, '2020-03-21'),
(1282, 1131, 2, '2020-03-21'),
(1283, 1139, 1, '2020-03-21'),
(1284, 1140, 1, '2020-03-21'),
(1285, 1134, 2, '2020-03-21'),
(1286, 1141, 1, '2020-03-21'),
(1287, 1136, 2, '2020-03-21'),
(1288, 1142, 1, '2020-03-21'),
(1289, 1143, 2, '2020-03-07'),
(1290, 1144, 2, '2020-03-07'),
(1291, 1145, 2, '2020-03-07'),
(1292, 1146, 2, '2020-03-07'),
(1293, 1147, 2, '2020-03-07'),
(1294, 1148, 2, '2020-03-07'),
(1295, 1149, 2, '2020-03-07'),
(1296, 1150, 2, '2020-03-07'),
(1297, 1151, 2, '2020-03-07'),
(1298, 1152, 2, '2020-03-07'),
(1299, 1153, 2, '2020-03-07'),
(1300, 1154, 1, '2020-03-07'),
(1301, 1155, 1, '2020-03-07'),
(1302, 1, 3, '2020-03-07'),
(1303, 1156, 1, '2020-03-07'),
(1304, 1157, 1, '2020-03-07'),
(1305, 1158, 1, '2020-03-07'),
(1306, 1149, 2, '2020-03-07'),
(1307, 1150, 2, '2020-03-07'),
(1308, 1151, 2, '2020-03-07'),
(1309, 1152, 2, '2020-03-07'),
(1310, 1153, 2, '2020-03-07'),
(1311, 1159, 1, '2020-03-07'),
(1312, 1160, 1, '2020-02-29'),
(1313, 1161, 1, '2020-02-29'),
(1314, 324, 2, '2020-02-29'),
(1315, 1162, 1, '2020-02-29'),
(1316, 1163, 1, '2020-02-29'),
(1317, 1164, 1, '2020-02-29'),
(1318, 1165, 1, '2020-02-29'),
(1319, 1166, 1, '2020-02-29'),
(1320, 1167, 1, '2020-02-29'),
(1321, 1168, 1, '2020-02-29'),
(1322, 645, 3, '2020-02-29'),
(1323, 1169, 1, '2020-02-29'),
(1324, 1170, 1, '2020-02-29'),
(1325, 1171, 2, '2020-02-15'),
(1326, 1172, 2, '2020-02-15'),
(1327, 1173, 2, '2020-02-15'),
(1328, 1174, 2, '2020-02-15'),
(1329, 1175, 2, '2020-02-15'),
(1330, 1176, 2, '2020-02-15'),
(1331, 1177, 2, '2020-02-15'),
(1332, 1178, 2, '2020-02-15'),
(1333, 1179, 2, '2020-02-15'),
(1334, 1180, 2, '2020-02-15'),
(1335, 1181, 2, '2020-02-15'),
(1336, 1182, 1, '2020-02-15'),
(1337, 1183, 1, '2020-02-15'),
(1338, 1184, 1, '2020-02-15'),
(1339, 1185, 1, '2020-02-15'),
(1340, 1186, 1, '2020-02-15'),
(1341, 1187, 1, '2020-02-15'),
(1342, 1188, 1, '2020-02-15'),
(1343, 1189, 1, '2020-02-15'),
(1344, 1190, 1, '2020-02-15'),
(1345, 1191, 1, '2020-02-15'),
(1346, 1192, 1, '2020-02-15'),
(1347, 1193, 1, '2020-02-15'),
(1348, 1194, 1, '2020-02-15'),
(1349, 1195, 2, '2020-02-01'),
(1350, 1196, 2, '2020-02-01'),
(1351, 1197, 2, '2020-02-01'),
(1352, 1198, 2, '2020-02-01'),
(1353, 320, 2, '2020-02-01'),
(1354, 877, 2, '2020-02-01'),
(1355, 322, 2, '2020-02-01'),
(1356, 1199, 2, '2020-02-01'),
(1357, 878, 2, '2020-02-01'),
(1358, 1200, 2, '2020-02-01'),
(1359, 1201, 3, '2020-01-30'),
(1360, 1202, 3, '2020-01-30'),
(1361, 1203, 3, '2020-01-30'),
(1362, 32, 3, '2020-01-30'),
(1363, 1204, 3, '2020-01-30'),
(1364, 1205, 3, '2020-01-30'),
(1365, 1206, 3, '2020-01-30'),
(1366, 1207, 3, '2020-01-30'),
(1367, 1208, 3, '2020-01-30'),
(1368, 1209, 3, '2020-01-28'),
(1369, 1210, 3, '2020-01-28'),
(1370, 1211, 3, '2020-01-28'),
(1371, 35, 3, '2020-01-28'),
(1372, 1212, 3, '2020-01-28'),
(1373, 1213, 3, '2020-01-28'),
(1374, 614, 3, '2020-01-28'),
(1375, 1214, 3, '2020-01-26'),
(1376, 1215, 3, '2020-01-26'),
(1377, 1216, 3, '2020-01-26'),
(1378, 1217, 3, '2020-01-26'),
(1379, 1218, 3, '2020-01-26'),
(1380, 1219, 3, '2020-01-26'),
(1381, 1220, 3, '2020-01-26'),
(1382, 1221, 3, '2020-01-26'),
(1383, 163, 2, '2020-01-25'),
(1384, 164, 2, '2020-01-25'),
(1385, 165, 2, '2020-01-25'),
(1386, 166, 2, '2020-01-25'),
(1387, 167, 2, '2020-01-25'),
(1388, 168, 2, '2020-01-25'),
(1389, 169, 2, '2020-01-25'),
(1390, 170, 2, '2020-01-25'),
(1391, 171, 2, '2020-01-25'),
(1392, 172, 2, '2020-01-25'),
(1393, 173, 2, '2020-01-25'),
(1394, 1222, 1, '2020-01-25'),
(1395, 1223, 1, '2020-01-25'),
(1396, 1224, 1, '2020-01-25'),
(1397, 1225, 1, '2020-01-25'),
(1398, 1226, 1, '2020-01-25'),
(1399, 1227, 1, '2020-01-25'),
(1400, 1228, 1, '2020-01-25'),
(1401, 1229, 1, '2020-01-25'),
(1402, 1230, 1, '2020-01-25'),
(1403, 1231, 3, '2020-01-23'),
(1404, 1232, 3, '2020-01-23'),
(1405, 1233, 3, '2020-01-23'),
(1406, 1234, 3, '2020-01-23'),
(1407, 1235, 3, '2020-01-23'),
(1408, 1236, 3, '2020-01-23'),
(1409, 1237, 3, '2020-01-23'),
(1410, 1238, 3, '2020-01-23'),
(1411, 1239, 2, '2020-01-18'),
(1412, 1240, 2, '2020-01-18'),
(1413, 1241, 2, '2020-01-18'),
(1414, 1242, 2, '2020-01-18'),
(1415, 1243, 2, '2020-01-18'),
(1416, 1244, 2, '2020-01-18'),
(1417, 1245, 2, '2020-01-18'),
(1418, 1246, 2, '2020-01-18'),
(1419, 1247, 2, '2020-01-18'),
(1420, 1248, 2, '2020-01-18'),
(1421, 1249, 2, '2020-01-18'),
(1422, 1239, 2, '2020-01-18'),
(1423, 1242, 2, '2020-01-18'),
(1424, 1250, 1, '2020-01-18'),
(1425, 1251, 1, '2020-01-18'),
(1426, 1252, 1, '2020-01-18'),
(1427, 1253, 1, '2020-01-18'),
(1428, 1243, 2, '2020-01-18'),
(1429, 733, 1, '2020-01-18'),
(1430, 1245, 2, '2020-01-18'),
(1431, 1249, 2, '2020-01-18'),
(1432, 411, 2, '2020-01-11'),
(1433, 412, 2, '2020-01-11'),
(1434, 413, 2, '2020-01-11'),
(1435, 414, 2, '2020-01-11'),
(1436, 1254, 2, '2020-01-11'),
(1437, 1255, 2, '2020-01-11'),
(1438, 1256, 2, '2020-01-11'),
(1439, 1257, 2, '2020-01-11'),
(1440, 419, 2, '2020-01-11'),
(1441, 1258, 2, '2020-01-11'),
(1442, 1259, 2, '2020-01-11'),
(1443, 422, 2, '2020-01-11'),
(1444, 1260, 1, '2020-01-11'),
(1445, 1261, 1, '2020-01-11'),
(1446, 1262, 1, '2020-01-11'),
(1447, 1263, 1, '2020-01-11'),
(1448, 1264, 1, '2020-01-11'),
(1449, 1265, 1, '2020-01-11'),
(1450, 1266, 1, '2020-01-11'),
(1451, 1267, 1, '2020-01-11'),
(1452, 1268, 1, '2020-01-11'),
(1453, 1269, 1, '2020-01-11'),
(1454, 1270, 1, '2020-01-11'),
(1455, 1271, 1, '2020-01-11'),
(1456, 1272, 2, '2019-12-07'),
(1457, 1273, 2, '2019-12-07'),
(1458, 1274, 2, '2019-12-07'),
(1459, 1275, 2, '2019-12-07'),
(1460, 1276, 2, '2019-12-07'),
(1461, 1277, 2, '2019-12-07'),
(1462, 1278, 2, '2019-12-07'),
(1463, 1279, 2, '2019-12-07'),
(1464, 1280, 2, '2019-12-07'),
(1465, 1281, 2, '2019-12-07'),
(1466, 1282, 1, '2019-12-07'),
(1467, 1283, 1, '2019-12-07'),
(1468, 1284, 1, '2019-12-07'),
(1469, 1285, 1, '2019-12-07'),
(1470, 1286, 1, '2019-12-07'),
(1471, 1287, 1, '2019-12-07'),
(1472, 1288, 1, '2019-12-07'),
(1473, 1289, 1, '2019-12-07'),
(1474, 1290, 1, '2019-12-07'),
(1475, 1291, 1, '2019-12-07'),
(1476, 475, 2, '2019-11-23'),
(1477, 476, 2, '2019-11-23'),
(1478, 477, 2, '2019-11-23'),
(1479, 478, 2, '2019-11-23'),
(1480, 479, 2, '2019-11-23'),
(1481, 480, 2, '2019-11-23'),
(1482, 481, 2, '2019-11-23'),
(1483, 482, 2, '2019-11-23'),
(1484, 483, 2, '2019-11-23'),
(1485, 484, 2, '2019-11-23'),
(1486, 485, 2, '2019-11-23'),
(1487, 1292, 1, '2019-11-23'),
(1488, 1293, 1, '2019-11-23'),
(1489, 1294, 1, '2019-11-23'),
(1490, 1295, 1, '2019-11-23'),
(1491, 225, 3, '2019-11-23'),
(1492, 1296, 1, '2019-11-23'),
(1493, 1297, 1, '2019-11-23'),
(1494, 1298, 1, '2019-11-23'),
(1495, 165, 2, '2019-11-02'),
(1496, 1299, 2, '2019-11-02'),
(1497, 168, 2, '2019-11-02'),
(1498, 169, 2, '2019-11-02'),
(1499, 172, 2, '2019-11-02'),
(1500, 1300, 2, '2019-11-02'),
(1501, 1301, 2, '2019-11-02'),
(1502, 1302, 2, '2019-11-02'),
(1503, 1303, 2, '2019-11-02'),
(1504, 1304, 2, '2019-11-02'),
(1505, 167, 2, '2019-11-02'),
(1506, 168, 2, '2019-11-02'),
(1507, 170, 2, '2019-11-02'),
(1508, 171, 2, '2019-11-02'),
(1509, 173, 2, '2019-11-02'),
(1510, 1300, 2, '2019-11-02'),
(1511, 1305, 1, '2019-11-02'),
(1512, 1303, 2, '2019-11-02'),
(1513, 1302, 2, '2019-11-02'),
(1514, 1306, 1, '2019-11-02'),
(1515, 1307, 1, '2019-11-02'),
(1516, 1308, 2, '2019-10-19'),
(1517, 594, 2, '2019-10-19'),
(1518, 1309, 2, '2019-10-19'),
(1519, 1310, 2, '2019-10-19'),
(1520, 1311, 2, '2019-10-19'),
(1521, 1312, 2, '2019-10-19'),
(1522, 1313, 2, '2019-10-19'),
(1523, 1314, 2, '2019-10-19'),
(1524, 1315, 2, '2019-10-19'),
(1525, 1316, 2, '2019-10-19'),
(1526, 1317, 1, '2019-10-19'),
(1527, 1318, 1, '2019-10-19'),
(1528, 1309, 2, '2019-10-19'),
(1529, 1310, 2, '2019-10-19'),
(1530, 1319, 1, '2019-10-19'),
(1531, 1312, 2, '2019-10-19'),
(1532, 1313, 2, '2019-10-19'),
(1533, 1314, 2, '2019-10-19'),
(1534, 1320, 1, '2019-10-19'),
(1535, 1316, 2, '2019-10-19'),
(1536, 496, 2, '2019-10-12'),
(1537, 497, 2, '2019-10-12'),
(1538, 498, 2, '2019-10-12'),
(1539, 499, 2, '2019-10-12'),
(1540, 500, 2, '2019-10-12'),
(1541, 501, 2, '2019-10-12'),
(1542, 502, 2, '2019-10-12'),
(1543, 503, 2, '2019-10-12'),
(1544, 504, 2, '2019-10-12'),
(1545, 505, 2, '2019-10-12'),
(1546, 496, 2, '2019-10-12'),
(1547, 1321, 1, '2019-10-12'),
(1548, 498, 2, '2019-10-12'),
(1549, 1322, 1, '2019-10-12'),
(1550, 1323, 1, '2019-10-12'),
(1551, 501, 2, '2019-10-12'),
(1552, 502, 2, '2019-10-12'),
(1553, 503, 2, '2019-10-12'),
(1554, 1324, 1, '2019-10-12'),
(1555, 505, 2, '2019-10-12'),
(1556, 1325, 1, '2019-10-12'),
(1557, 1326, 1, '2019-10-12'),
(1558, 1327, 1, '2019-10-05'),
(1559, 1328, 1, '2019-10-05'),
(1560, 1329, 1, '2019-10-05'),
(1561, 499, 2, '2019-10-05'),
(1562, 1330, 1, '2019-10-05'),
(1563, 1331, 1, '2019-10-05'),
(1564, 1332, 1, '2019-10-05'),
(1565, 1333, 1, '2019-10-05'),
(1566, 1334, 1, '2019-10-05'),
(1567, 1335, 1, '2019-09-28'),
(1568, 1336, 1, '2019-09-28'),
(1569, 1337, 1, '2019-09-28'),
(1570, 1338, 1, '2019-09-28'),
(1571, 1339, 1, '2019-09-28'),
(1572, 1340, 1, '2019-09-28'),
(1573, 1341, 1, '2019-09-28'),
(1574, 1342, 1, '2019-09-28'),
(1575, 1343, 1, '2019-09-28'),
(1576, 1344, 1, '2019-09-28'),
(1577, 515, 2, '2019-09-21'),
(1578, 355, 2, '2019-09-21'),
(1579, 516, 2, '2019-09-21'),
(1580, 517, 2, '2019-09-21'),
(1581, 518, 2, '2019-09-21'),
(1582, 519, 2, '2019-09-21'),
(1583, 360, 2, '2019-09-21'),
(1584, 520, 2, '2019-09-21'),
(1585, 521, 2, '2019-09-21'),
(1586, 522, 2, '2019-09-21'),
(1587, 515, 2, '2019-09-21'),
(1588, 1345, 1, '2019-09-21'),
(1589, 516, 2, '2019-09-21'),
(1590, 1346, 1, '2019-09-21'),
(1591, 518, 2, '2019-09-21'),
(1592, 519, 2, '2019-09-21'),
(1593, 1347, 1, '2019-09-21'),
(1594, 520, 2, '2019-09-21'),
(1595, 1348, 1, '2019-09-21'),
(1596, 522, 2, '2019-09-21');

INSERT INTO `com_catalogsystem_problem` (`id`, `source_id`, `category_id`, `name`, `difficulty`, `pdf_link`, `zip_link`) VALUES
(1, 1, NULL, 'Journey', NULL, 'Journey-1', 'Journey-1'),
(2, 1, NULL, 'Jealous Number', NULL, 'Jealous_Number-2', 'Jealous_Number-2'),
(3, 1, NULL, 'Kripke Model', NULL, 'Kripke_Model-3', 'Kripke_Model-3'),
(4, 1, NULL, 'Drive through MegaCity', NULL, 'Drive_through_MegaCity-4', 'Drive_through_MegaCity-4'),
(5, 1, NULL, 'Enigmatic Device', NULL, 'Enigmatic_Device-5', 'Enigmatic_Device-5'),
(6, 1, NULL, 'Fibonacci System', NULL, 'Fibonacci_System-6', 'Fibonacci_System-6'),
(7, 1, NULL, 'Genealogy', NULL, 'Genealogy-7', 'Genealogy-7'),
(8, 1, NULL, 'High security', NULL, 'High_security-8', 'High_security-8'),
(9, 1, NULL, 'Ideal Frame', NULL, 'Ideal_Frame-9', 'Ideal_Frame-9'),
(10, 1, NULL, 'John\'s Inversions', NULL, 'Johns_Inversions-10', 'Johns_Inversions-10'),
(11, 1, NULL, 'Kids Like Cakes', NULL, 'Kids_Like_Cakes-11', 'Kids_Like_Cakes-11'),
(12, 1, NULL, 'Confectionary', NULL, 'Confectionary-12', 'Confectionary-12'),
(13, 2, NULL, 'Asteroids', NULL, 'Asteroids-13', 'Asteroids-13'),
(14, 2, NULL, 'Binary Operation', NULL, 'Binary_Operation-14', 'Binary_Operation-14'),
(15, 2, NULL, 'Cactus', NULL, 'Cactus-15', 'Cactus-15'),
(16, 2, NULL, 'Diver', NULL, 'Diver-16', 'Diver-16'),
(17, 2, NULL, 'Exclusive Access', NULL, 'Exclusive_Access-17', 'Exclusive_Access-17'),
(18, 2, NULL, 'Aerodynamics', NULL, 'Aerodynamics-18', 'Aerodynamics-18'),
(19, 2, NULL, 'Game', NULL, 'Game-19', 'Game-19'),
(20, 2, NULL, 'Hanoi Towers', NULL, 'Hanoi_Towers-20', 'Hanoi_Towers-20'),
(21, 2, NULL, 'GCD Guessing Game', NULL, 'GCD_Guessing_Game-21', 'GCD_Guessing_Game-21'),
(22, 2, NULL, 'Jungle Outpost', NULL, 'Jungle_Outpost-22', 'Jungle_Outpost-22'),
(23, 2, NULL, 'Knockdown', NULL, 'Knockdown-23', 'Knockdown-23'),
(24, 2, NULL, 'Language Recognition', NULL, 'Language_Recognition-24', 'Language_Recognition-24'),
(25, 3, NULL, 'The Motorway', NULL, 'The_Motorway-25', 'The_Motorway-25'),
(26, 3, NULL, 'Bytehattan', NULL, 'Bytehattan-26', 'Bytehattan-26'),
(27, 3, NULL, 'The Carpenter', NULL, 'The_Carpenter-27', 'The_Carpenter-27'),
(28, 3, NULL, 'Demonstrations', NULL, 'Demonstrations-28', 'Demonstrations-28'),
(29, 3, NULL, 'The Exam', NULL, 'The_Exam-29', 'The_Exam-29'),
(30, 3, NULL, 'Speed Cameras', NULL, 'Speed_Cameras-30', 'Speed_Cameras-30'),
(31, 3, NULL, 'Marbles', NULL, 'Marbles-31', 'Marbles-31'),
(32, 3, NULL, 'The Hero', NULL, 'The_Hero-32', 'The_Hero-32'),
(33, 3, NULL, 'Genetic Engineering', NULL, 'Genetic_Engineering-33', 'Genetic_Engineering-33'),
(34, 3, NULL, 'Janosik', NULL, 'Janosik-34', 'Janosik-34'),
(35, 3, NULL, 'Blankets', NULL, 'Blankets-35', 'Blankets-35'),
(36, 4, NULL, 'Teleportation', NULL, 'Teleportation-36', 'Teleportation-36'),
(37, 4, NULL, 'Sheep', NULL, 'Sheep-37', 'Sheep-37'),
(38, 4, NULL, 'Bridges', NULL, 'Bridges-38', 'Bridges-38'),
(39, 4, NULL, 'Ice Skates', NULL, 'Ice_Skates-39', 'Ice_Skates-39'),
(40, 4, NULL, 'Blockade', NULL, 'Blockade-40', 'Blockade-40'),
(41, 4, NULL, 'Subdivision of Kingdom', NULL, 'Subdivision_of_Kingdom-41', 'Subdivision_of_Kingdom-41'),
(42, 4, NULL, 'Triangles', NULL, 'Triangles-42', 'Triangles-42'),
(43, 4, NULL, 'Queries', NULL, 'Queries-43', 'Queries-43'),
(44, 4, NULL, 'Megalopolis', NULL, 'Megalopolis-44', 'Megalopolis-44'),
(45, 4, NULL, 'Gas Pipelines', NULL, 'Gas_Pipelines-45', 'Gas_Pipelines-45'),
(46, 4, NULL, 'Weights', NULL, 'Weights-46', 'Weights-46'),
(47, 4, NULL, 'Subway', NULL, 'Subway-47', 'Subway-47'),
(48, 5, NULL, 'Axes of Symmetry', NULL, 'Axes_of_Symmetry-48', 'Axes_of_Symmetry-48'),
(49, 5, NULL, 'Schools', NULL, 'Schools-49', 'Schools-49'),
(50, 5, NULL, 'The Invasion', NULL, 'The_Invasion-50', 'The_Invasion-50'),
(51, 5, NULL, 'Ploughing', NULL, 'Ploughing-51', 'Ploughing-51'),
(52, 5, NULL, 'Crystals', NULL, 'Crystals-52', 'Crystals-52'),
(53, 5, NULL, 'Points', NULL, 'Points-53', 'Points-53'),
(54, 5, NULL, 'Toy Cars', NULL, 'Toy_Cars-54', 'Toy_Cars-54'),
(55, 5, NULL, 'Template', NULL, 'Template-55', 'Template-55'),
(56, 5, NULL, 'Special Forces Manoeuvres', NULL, 'Special_Forces_Manoeuvres-56', 'Special_Forces_Manoeuvres-56'),
(57, 5, NULL, 'Double-row', NULL, 'Double-row-57', 'Double-row-57'),
(58, 5, NULL, 'The Bus', NULL, 'The_Bus-58', 'The_Bus-58'),
(59, 5, NULL, 'Dextrogyrate Camel', NULL, 'Dextrogyrate_Camel-59', 'Dextrogyrate_Camel-59'),
(60, 6, NULL, 'Atomic Energy', NULL, 'Atomic_Energy-60', 'Atomic_Energy-60'),
(61, 6, NULL, 'Bulldozer', NULL, 'Bulldozer-61', 'Bulldozer-61'),
(62, 6, NULL, 'Contest Struggles', NULL, 'Contest_Struggles-62', 'Contest_Struggles-62'),
(63, 6, NULL, 'Dragon Balls', NULL, 'Dragon_Balls-63', 'Dragon_Balls-63'),
(64, 6, NULL, 'Endgame', NULL, 'Endgame-64', 'Endgame-64'),
(65, 6, NULL, 'Flight Collision', NULL, 'Flight_Collision-65', 'Flight_Collision-65'),
(66, 6, NULL, 'Great Expectations', NULL, 'Great_Expectations-66', 'Great_Expectations-66'),
(67, 6, NULL, 'Hot Springs', NULL, 'Hot_Springs-67', 'Hot_Springs-67'),
(68, 6, NULL, 'Island Tour', NULL, 'Island_Tour-68', 'Island_Tour-68'),
(69, 6, NULL, 'Joint Excavation', NULL, 'Joint_Excavation-69', 'Joint_Excavation-69'),
(70, 6, NULL, 'Keyboardd', NULL, 'Keyboardd-70', 'Keyboardd-70'),
(71, 1, NULL, 'Bingo Ties', NULL, 'Bingo_Ties-71', 'Bingo_Ties-71'),
(72, 1, NULL, 'Das Blinkenlights', NULL, 'Das_Blinkenlights-72', 'Das_Blinkenlights-72'),
(73, 1, NULL, 'Ebony and Ivory', NULL, 'Ebony_and_Ivory-73', 'Ebony_and_Ivory-73'),
(74, 1, NULL, 'Froggie', NULL, 'Froggie-74', 'Froggie-74'),
(75, 1, NULL, 'Fruit Slicer', NULL, 'Fruit_Slicer-75', 'Fruit_Slicer-75'),
(76, 1, NULL, 'Relay Race', NULL, 'Relay_Race-76', 'Relay_Race-76'),
(77, 1, NULL, 'Left and Right', NULL, 'Left_and_Right-77', 'Left_and_Right-77'),
(78, 1, NULL, 'T-net', NULL, 'T-net-78', 'T-net-78'),
(79, 1, NULL, 'Cow Camp', NULL, 'Cow_Camp-79', 'Cow_Camp-79'),
(80, 1, NULL, 'Peg Game for Two', NULL, 'Peg_Game_for_Two-80', 'Peg_Game_for_Two-80'),
(81, 1, NULL, 'Run-Length Encoding, Run!', NULL, 'Run-Length_Encoding_Run-81', 'Run-Length_Encoding_Run-81'),
(82, 1, NULL, 'Moo Network', NULL, 'Moo_Network-82', 'Moo_Network-82'),
(83, 1, NULL, 'Apple Catching', NULL, 'Apple_Catching-83', 'Apple_Catching-83'),
(84, 1, NULL, 'Hoof and Brain', NULL, 'Hoof_and_Brain-84', 'Hoof_and_Brain-84'),
(85, 1, NULL, 'JackRabbit Slim', NULL, 'JackRabbit_Slim-85', 'JackRabbit_Slim-85'),
(86, 1, NULL, 'Paint by Rectangles', NULL, 'Paint_by_Rectangles-86', 'Paint_by_Rectangles-86'),
(87, 1, NULL, 'Pair Programming', NULL, 'Pair_Programming-87', 'Pair_Programming-87'),
(88, 1, NULL, 'Image Processing Project', NULL, 'Image_Processing_Project-88', 'Image_Processing_Project-88'),
(89, 1, NULL, 'Sleeping in Class', NULL, 'Sleeping_in_Class-89', 'Sleeping_in_Class-89'),
(90, 1, NULL, 'Up Down Subsequence', NULL, 'Up_Down_Subsequence-90', 'Up_Down_Subsequence-90'),
(91, 7, NULL, 'Circuit Math', NULL, 'Circuit_Math-91', 'Circuit_Math-91'),
(92, 7, NULL, 'Commemorative Dice', NULL, 'Commemorative_Dice-92', 'Commemorative_Dice-92'),
(93, 7, NULL, 'Dessert Cafe', NULL, 'Dessert_Cafe-93', 'Dessert_Cafe-93'),
(94, 7, NULL, 'Missing Numbers', NULL, 'Missing_Numbers-94', 'Missing_Numbers-94'),
(95, 7, NULL, 'Imprecise Computer', NULL, 'Imprecise_Computer-95', 'Imprecise_Computer-95'),
(96, 7, NULL, 'Prospecting', NULL, 'Prospecting-96', 'Prospecting-96'),
(97, 7, NULL, 'Mobile Robot', NULL, 'Mobile_Robot-97', 'Mobile_Robot-97'),
(98, 7, NULL, 'Needle', NULL, 'Needle-98', 'Needle-98'),
(99, 7, NULL, 'Slow Leak', NULL, 'Slow_Leak-99', 'Slow_Leak-99'),
(100, 7, NULL, 'Stop Counting!', NULL, 'Stop_Counting-100', 'Stop_Counting-100'),
(101, 7, NULL, 'Summer Trip', NULL, 'Summer_Trip-101', 'Summer_Trip-101'),
(102, 7, NULL, 'Traveling Merchant', NULL, 'Traveling_Merchant-102', 'Traveling_Merchant-102'),
(103, 7, NULL, 'Zipline', NULL, 'Zipline-103', 'Zipline-103'),
(104, 8, NULL, 'Autonomous Vehicle', NULL, 'Autonomous_Vehicle-104', 'Autonomous_Vehicle-104'),
(105, 8, NULL, 'Electric Vehicle', NULL, 'Electric_Vehicle-105', 'Electric_Vehicle-105'),
(106, 8, NULL, 'Ink Mix', NULL, 'Ink_Mix-106', 'Ink_Mix-106'),
(107, 8, NULL, 'Stock Analysis', NULL, 'Stock_Analysis-107', 'Stock_Analysis-107'),
(108, 8, NULL, 'Switches', NULL, 'Switches-108', 'Switches-108'),
(109, 8, NULL, 'Tiling Polyomino', NULL, 'Tiling_Polyomino-109', 'Tiling_Polyomino-109'),
(110, 8, NULL, 'Two Buildings', NULL, 'Two_Buildings-110', 'Two_Buildings-110'),
(111, 9, NULL, 'Altruistic Amphibians', NULL, 'Altruistic_Amphibians-111', 'Altruistic_Amphibians-111'),
(112, 9, NULL, 'Baby Bites', NULL, 'Baby_Bites-112', 'Baby_Bites-112'),
(113, 9, NULL, 'Code Cleanups', NULL, 'Code_Cleanups-113', 'Code_Cleanups-113'),
(114, 9, NULL, 'Delivery Delays', NULL, 'Delivery_Delays-114', 'Delivery_Delays-114'),
(115, 9, NULL, 'Explosion Exploit', NULL, 'Explosion_Exploit-115', 'Explosion_Exploit-115'),
(116, 9, NULL, 'Firing the Phaser', NULL, 'Firing_the_Phaser-116', 'Firing_the_Phaser-116'),
(117, 9, NULL, 'Game Scheduling', NULL, 'Game_Scheduling-117', 'Game_Scheduling-117'),
(118, 9, NULL, 'House Lawn', NULL, 'House_Lawn-118', 'House_Lawn-118'),
(119, 9, NULL, 'Intergalactic Bidding', NULL, 'Intergalactic_Bidding-119', 'Intergalactic_Bidding-119'),
(120, 9, NULL, 'Jumbled String', NULL, 'Jumbled_String-120', 'Jumbled_String-120'),
(121, 9, NULL, 'King\'s Colors', NULL, 'Kings_Colors-121', 'Kings_Colors-121'),
(122, 10, NULL, 'Archery Tournament', NULL, 'Archery_Tournament-122', 'Archery_Tournament-122'),
(123, 10, NULL, 'Box', NULL, 'Box-123', 'Box-123'),
(124, 10, NULL, 'Connections', NULL, 'Connections-124', 'Connections-124'),
(125, 10, NULL, 'Designing the Toy', NULL, 'Designing_the_Toy-125', 'Designing_the_Toy-125'),
(126, 10, NULL, 'Easy Quest', NULL, 'Easy_Quest-126', 'Easy_Quest-126'),
(127, 10, NULL, 'The Final Level', NULL, 'The_Final_Level-127', 'The_Final_Level-127'),
(128, 10, NULL, 'The Great Wall', NULL, 'The_Great_Wall-128', 'The_Great_Wall-128'),
(129, 10, NULL, 'Hack', NULL, 'Hack-129', 'Hack-129'),
(130, 10, NULL, 'Interactive Sort', NULL, 'Interactive_Sort-130', 'Interactive_Sort-130'),
(131, 10, NULL, 'Journey from Petersburg to Moscow', NULL, 'Journey_from_Petersburg_to_Moscow-131', 'Journey_from_Petersburg_to_Moscow-131'),
(132, 10, NULL, 'Knapsack Cryptosystem', NULL, 'Knapsack_Cryptosystem-132', 'Knapsack_Cryptosystem-132'),
(133, 10, NULL, 'Laminar Family', NULL, 'Laminar_Family-133', 'Laminar_Family-133'),
(134, 11, NULL, 'Alter Board', NULL, 'Alter_Board-134', 'Alter_Board-134'),
(135, 11, NULL, 'Burrito King', NULL, 'Burrito_King-135', 'Burrito_King-135'),
(136, 11, NULL, 'Cactus Generator', NULL, 'Cactus_Generator-136', 'Cactus_Generator-136'),
(137, 11, NULL, 'Damage Assessment', NULL, 'Damage_Assessment-137', 'Damage_Assessment-137'),
(138, 11, NULL, 'Epic Win!', NULL, 'Epic_Win-138', 'Epic_Win-138'),
(139, 11, NULL, 'Filter', NULL, 'Filter-139', 'Filter-139'),
(140, 11, NULL, 'Gomoku', NULL, 'Gomoku-140', 'Gomoku-140'),
(141, 11, NULL, 'Hidden Maze', NULL, 'Hidden_Maze-141', 'Hidden_Maze-141'),
(142, 11, NULL, 'Improvements', NULL, 'Improvements-142', 'Improvements-142'),
(143, 11, NULL, 'Jokewithpermutation', NULL, 'Jokewithpermutation-143', 'Jokewithpermutation-143'),
(144, 11, NULL, 'Knockout Racing', NULL, 'Knockout_Racing-144', 'Knockout_Racing-144'),
(145, 1, NULL, 'Arena Survival', NULL, 'Arena_Survival-145', 'Arena_Survival-145'),
(146, 1, NULL, 'Best Burger in Macon', NULL, 'Best_Burger_in_Macon-146', 'Best_Burger_in_Macon-146'),
(147, 1, NULL, 'Digits Are Not Just Characters', NULL, 'Digits_Are_Not_Just_Characters-147', 'Digits_Are_Not_Just_Characters-147'),
(148, 1, NULL, 'Comedy Show', NULL, 'Comedy_Show-148', 'Comedy_Show-148'),
(149, 1, NULL, 'Dog Park', NULL, 'Dog_Park-149', 'Dog_Park-149'),
(150, 1, NULL, 'Drizzle', NULL, 'Drizzle-150', 'Drizzle-150'),
(151, 1, NULL, 'Arithmetic Progressions', NULL, 'Arithmetic_Progressions-151', 'Arithmetic_Progressions-151'),
(152, 1, NULL, 'Kangaroo Words', NULL, 'Kangaroo_Words-152', 'Kangaroo_Words-152'),
(153, 1, NULL, 'Shortest Common Non-Subsequence', NULL, 'Shortest_Common_Non-Subsequence-153', 'Shortest_Common_Non-Subsequence-153'),
(154, 1, NULL, 'Sixth Sense', NULL, 'Sixth_Sense-154', 'Sixth_Sense-154'),
(155, 1, NULL, 'Schordinger\'s Character', NULL, 'Schordingers_Character-155', 'Schordingers_Character-155'),
(156, 12, NULL, 'Emergency Evacuation', NULL, 'Emergency_Evacuation-156', 'Emergency_Evacuation-156'),
(157, 12, NULL, 'Eulerian Flight Tour', NULL, 'Eulerian_Flight_Tour-157', 'Eulerian_Flight_Tour-157'),
(158, 12, NULL, 'Fair Chocolate-Cutting', NULL, 'Fair_Chocolate-Cutting-158', 'Fair_Chocolate-Cutting-158'),
(159, 12, NULL, 'What Goes Up Must Come Down', NULL, 'What_Goes_Up_Must_Come_Down-159', 'What_Goes_Up_Must_Come_Down-159'),
(160, 12, NULL, 'Four-Coloring', NULL, 'Four-Coloring-160', 'Four-Coloring-160'),
(161, 12, NULL, 'Ranks', NULL, 'Ranks-161', 'Ranks-161'),
(162, 12, NULL, 'Colorful Tree', NULL, 'Colorful_Tree-162', 'Colorful_Tree-162'),
(163, 13, NULL, 'Artwork', NULL, 'Artwork-163', 'Artwork-163'),
(164, 13, NULL, 'Bless You Autocorrect!', NULL, 'Bless_You_Autocorrect-164', 'Bless_You_Autocorrect-164'),
(165, 13, NULL, 'Card Hand Sorting', NULL, 'Card_Hand_Sorting-165', 'Card_Hand_Sorting-165'),
(166, 13, NULL, 'Daydreaming Stockbroder', NULL, 'Daydreaming_Stockbroder-166', 'Daydreaming_Stockbroder-166'),
(167, 13, NULL, 'Exponial', NULL, 'Exponial-167', 'Exponial-167'),
(168, 13, NULL, 'Fleecing the Raffle', NULL, 'Fleecing_the_Raffle-168', 'Fleecing_the_Raffle-168'),
(169, 13, NULL, 'Game Rank', NULL, 'Game_Rank-169', 'Game_Rank-169'),
(170, 13, NULL, 'Highest Tower', NULL, 'Highest_Tower-170', 'Highest_Tower-170'),
(171, 13, NULL, 'Interception', NULL, 'Interception-171', 'Interception-171'),
(172, 13, NULL, 'Jumbled Compass', NULL, 'Jumbled_Compass-172', 'Jumbled_Compass-172'),
(173, 13, NULL, 'Keeping the Dogs Apart', NULL, 'Keeping_the_Dogs_Apart-173', 'Keeping_the_Dogs_Apart-173'),
(174, 14, NULL, 'Copying Homework', NULL, 'Copying_Homework-174', 'Copying_Homework-174'),
(175, 14, NULL, 'Cleaning Robots', NULL, 'Cleaning_Robots-175', 'Cleaning_Robots-175'),
(176, 14, NULL, 'Even Path', NULL, 'Even_Path-176', 'Even_Path-176'),
(177, 14, NULL, 'Find String in a Grid', NULL, 'Find_String_in_a_Grid-177', 'Find_String_in_a_Grid-177'),
(178, 14, NULL, 'Songwriter', NULL, 'Songwriter-178', 'Songwriter-178'),
(179, 14, NULL, 'Regular Forestation', NULL, 'Regular_Forestation-179', 'Regular_Forestation-179'),
(180, 14, NULL, 'Performance Review', NULL, 'Performance_Review-180', 'Performance_Review-180'),
(181, 14, NULL, 'Twin Buildings', NULL, 'Twin_Buildings-181', 'Twin_Buildings-181'),
(182, 14, NULL, 'Mission Possible', NULL, 'Mission_Possible-182', 'Mission_Possible-182'),
(183, 14, NULL, 'Tiling Terrace', NULL, 'Tiling_Terrace-183', 'Tiling_Terrace-183'),
(184, 14, NULL, 'Addition Robot', NULL, 'Addition_Robot-184', 'Addition_Robot-184'),
(185, 14, NULL, 'Road Construction', NULL, 'Road_Construction-185', 'Road_Construction-185'),
(186, 15, NULL, 'ASCII Automata Art', NULL, 'ASCII_Automata_Art-186', 'ASCII_Automata_Art-186'),
(187, 15, NULL, 'Button Lock', NULL, 'Button_Lock-187', 'Button_Lock-187'),
(188, 15, NULL, 'Cactus Not Enough', NULL, 'Cactus_Not_Enough-188', 'Cactus_Not_Enough-188'),
(189, 15, NULL, 'Digits', NULL, 'Digits-189', 'Digits-189'),
(190, 15, NULL, 'Equilibrium Point /\\/\\', NULL, 'None', 'None'),
(191, 15, NULL, 'Fiber Shape', NULL, 'Fiber_Shape-191', 'Fiber_Shape-191'),
(192, 15, NULL, 'Guide', NULL, 'Guide-192', 'Guide-192'),
(193, 15, NULL, 'Hard Optimization', NULL, 'Hard_Optimization-193', 'Hard_Optimization-193'),
(194, 15, NULL, 'Is It Rated?', NULL, 'Is_It_Rated-194', 'Is_It_Rated-194'),
(195, 15, NULL, 'Japanese Game', NULL, 'Japanese_Game-195', 'Japanese_Game-195'),
(196, 15, NULL, 'King\'s Task', NULL, 'Kings_Task-196', 'Kings_Task-196'),
(197, 16, NULL, 'The Board Room', NULL, 'The_Board_Room-197', 'The_Board_Room-197'),
(198, 16, NULL, 'Counting the delta-permutations of a string', NULL, 'Counting_the_delta-permutations_of_a_string-198', 'Counting_the_delta-permutations_of_a_string-198'),
(199, 16, NULL, 'Discord Dilemma', NULL, 'Discord_Dilemma-199', 'Discord_Dilemma-199'),
(200, 16, NULL, 'Fake Binaries', NULL, 'Fake_Binaries-200', 'Fake_Binaries-200'),
(201, 16, NULL, 'Finding Frequently Planted Motif', NULL, 'Finding_Frequently_Planted_Motif-201', 'Finding_Frequently_Planted_Motif-201'),
(202, 16, NULL, 'Frogs', NULL, 'Frogs-202', 'Frogs-202'),
(203, 16, NULL, 'Lollathon', NULL, 'Lollathon-203', 'Lollathon-203'),
(204, 16, NULL, 'Look for the Helpers', NULL, 'Look_for_the_Helpers-204', 'Look_for_the_Helpers-204'),
(205, 16, NULL, 'Meow Meow Meow', NULL, 'Meow_Meow_Meow-205', 'Meow_Meow_Meow-205'),
(206, 16, NULL, 'Superstituous Sequences', NULL, 'Superstituous_Sequences-206', 'Superstituous_Sequences-206'),
(207, 16, NULL, 'Tweet Writer', NULL, 'Tweet_Writer-207', 'Tweet_Writer-207'),
(208, 1, NULL, 'Convoluted Intervals', NULL, 'Convoluted_Intervals-208', 'Convoluted_Intervals-208'),
(209, 1, NULL, 'Gold Rush', NULL, 'Gold_Rush-209', 'Gold_Rush-209'),
(210, 1, NULL, 'Counting Haybales', NULL, 'Counting_Haybales-210', 'Counting_Haybales-210'),
(211, 1, NULL, 'Cafebazaar\'s Chess Tournament', NULL, 'Cafebazaars_Chess_Tournament-211', 'Cafebazaars_Chess_Tournament-211'),
(212, 1, NULL, 'The Big Surprise', NULL, 'The_Big_Surprise-212', 'The_Big_Surprise-212'),
(213, 1, NULL, 'Lets Burn and Rob Manhootan', NULL, 'Lets_Burn_and_Rob_Manhootan-213', 'Lets_Burn_and_Rob_Manhootan-213'),
(214, 1, NULL, 'Cow Frisbee', NULL, 'Cow_Frisbee-214', 'Cow_Frisbee-214'),
(215, 1, NULL, 'Farm Updates', NULL, 'Farm_Updates-215', 'Farm_Updates-215'),
(216, 1, NULL, 'HILO', NULL, 'HILO-216', 'HILO-216'),
(217, 1, NULL, 'Minimizing Haybales', NULL, 'Minimizing_Haybales-217', 'Minimizing_Haybales-217'),
(218, 1, NULL, 'Multiple Choice Test', NULL, 'Multiple_Choice_Test-218', 'Multiple_Choice_Test-218'),
(219, 1, NULL, 'Paired Up', NULL, 'Paired_Up-219', 'Paired_Up-219'),
(220, 17, NULL, 'Balanced Animals', NULL, 'Balanced_Animals-220', 'Balanced_Animals-220'),
(221, 17, NULL, 'Carryless Square Root', NULL, 'Carryless_Square_Root-221', 'Carryless_Square_Root-221'),
(222, 17, NULL, 'Checkerboard', NULL, 'Checkerboard-222', 'Checkerboard-222'),
(223, 17, NULL, 'From A to B', NULL, 'From_A_to_B-223', 'From_A_to_B-223'),
(224, 17, NULL, 'Elven Efficiency', NULL, 'Elven_Efficiency-224', 'Elven_Efficiency-224'),
(225, 17, NULL, 'Even or Odd?', NULL, 'Even_or_Odd-225', 'Even_or_Odd-225'),
(226, 17, NULL, 'Glow, Pixel, Glow!', NULL, 'Glow_Pixel_Glow-226', 'Glow_Pixel_Glow-226'),
(227, 17, NULL, 'Jumping Path', NULL, 'Jumping_Path-227', 'Jumping_Path-227'),
(228, 17, NULL, 'Levenshtein Distance', NULL, 'Levenshtein_Distance-228', 'Levenshtein_Distance-228'),
(229, 17, NULL, 'Rainbow Strings', NULL, 'Rainbow_Strings-229', 'Rainbow_Strings-229'),
(230, 17, NULL, 'ReMorse', NULL, 'ReMorse-230', 'ReMorse-230'),
(231, 18, NULL, 'Cardinal Adjacencies', NULL, 'Cardinal_Adjacencies-231', 'Cardinal_Adjacencies-231'),
(232, 18, NULL, 'Leap Day', NULL, 'Leap_Day-232', 'Leap_Day-232'),
(233, 18, NULL, 'Leap Day Dinner', NULL, 'Leap_Day_Dinner-233', 'Leap_Day_Dinner-233'),
(234, 18, NULL, 'Party', NULL, 'Party-234', 'Party-234'),
(235, 18, NULL, 'Pigeon-Hole Proofs', NULL, 'Pigeon-Hole_Proofs-235', 'Pigeon-Hole_Proofs-235'),
(236, 18, NULL, 'Price is Right', NULL, 'Price_is_Right-236', 'Price_is_Right-236'),
(237, 18, NULL, 'Root Probability', NULL, 'Root_Probability-237', 'Root_Probability-237'),
(238, 18, NULL, 'Sidekicks', NULL, 'Sidekicks-238', 'Sidekicks-238'),
(239, 18, NULL, 'Which Side of the Office?', NULL, 'Which_Side_of_the_Office-239', 'Which_Side_of_the_Office-239'),
(240, 18, NULL, 'Evenly Separated Strings', NULL, 'Evenly_Separated_Strings-240', 'Evenly_Separated_Strings-240'),
(241, 19, NULL, 'Bottle Return', NULL, 'Bottle_Return-241', 'Bottle_Return-241'),
(242, 19, NULL, 'Comfy Deviations', NULL, 'Comfy_Deviations-242', 'Comfy_Deviations-242'),
(243, 19, NULL, 'Arthur\'s Table', NULL, 'Arthurs_Table-243', 'Arthurs_Table-243'),
(244, 19, NULL, 'Magic Drone', NULL, 'Magic_Drone-244', 'Magic_Drone-244'),
(245, 19, NULL, 'Chocolate Bar Game', NULL, 'Chocolate_Bar_Game-245', 'Chocolate_Bar_Game-245'),
(246, 19, NULL, 'Three Triangles', NULL, 'Three_Triangles-246', 'Three_Triangles-246'),
(247, 19, NULL, 'ICPC Standings', NULL, 'ICPC_Standings-247', 'ICPC_Standings-247'),
(248, 19, NULL, 'Ternary Machine', NULL, 'Ternary_Machine-248', 'Ternary_Machine-248'),
(249, 19, NULL, 'Stern\'s Sequence', NULL, 'Sterns_Sequence-249', 'Sterns_Sequence-249'),
(250, 20, NULL, 'Birthday Cake', NULL, 'Birthday_Cake-250', 'Birthday_Cake-250'),
(251, 20, NULL, 'Bumped!', NULL, 'Bumped-251', 'Bumped-251'),
(252, 20, NULL, 'Canonical Coin Systems', NULL, 'Canonical_Coin_Systems-252', 'Canonical_Coin_Systems-252'),
(253, 20, NULL, 'Cat and Mice', NULL, 'Cat_and_Mice-253', 'Cat_and_Mice-253'),
(254, 20, NULL, 'Company Picnic', NULL, 'Company_Picnic-254', 'Company_Picnic-254'),
(255, 20, NULL, 'GlitchBot', NULL, 'GlitchBot-255', 'GlitchBot-255'),
(256, 20, NULL, 'Greeting Card', NULL, 'Greeting_Card-256', 'Greeting_Card-256'),
(257, 20, NULL, 'Imperfect GPS', NULL, 'Imperfect_GPS-257', 'Imperfect_GPS-257'),
(258, 20, NULL, 'Odd Gnome', NULL, 'Odd_Gnome-258', 'Odd_Gnome-258'),
(259, 20, NULL, 'Progressive Scramble', NULL, 'Progressive_Scramble-259', 'Progressive_Scramble-259'),
(260, 20, NULL, 'Space Probe', NULL, 'Space_Probe-260', 'Space_Probe-260'),
(261, 20, NULL, 'Suspension Bridges', NULL, 'Suspension_Bridges-261', 'Suspension_Bridges-261'),
(262, 20, NULL, 'Umbral Decoding', NULL, 'Umbral_Decoding-262', 'Umbral_Decoding-262'),
(263, 21, NULL, 'Almost Balanced Tree', NULL, 'Almost_Balanced_Tree-263', 'Almost_Balanced_Tree-263'),
(264, 21, NULL, 'Brain-teaser', NULL, 'Brain-teaser-264', 'Brain-teaser-264'),
(265, 21, NULL, 'Color the Tree', NULL, 'Color_the_Tree-265', 'Color_the_Tree-265'),
(266, 21, NULL, 'Down We Dig', NULL, 'Down_We_Dig-266', 'Down_We_Dig-266'),
(267, 21, NULL, 'Easy Measurements', NULL, 'Easy_Measurements-267', 'Easy_Measurements-267'),
(268, 21, NULL, 'Find a Square', NULL, 'Find_a_Square-268', 'Find_a_Square-268'),
(269, 21, NULL, 'Geometrical Combinatorics', NULL, 'Geometrical_Combinatorics-269', 'Geometrical_Combinatorics-269'),
(270, 21, NULL, 'Hit the Hay', NULL, 'Hit_the_Hay-270', 'Hit_the_Hay-270'),
(271, 21, NULL, 'Interactive Knockout', NULL, 'Interactive_Knockout-271', 'Interactive_Knockout-271'),
(272, 21, NULL, 'Jumping Cat', NULL, 'Jumping_Cat-272', 'Jumping_Cat-272'),
(273, 21, NULL, 'Kate\'s 2021 Celebration', NULL, 'Kates_2021_Celebration-273', 'Kates_2021_Celebration-273'),
(274, 21, NULL, 'Lookup Performance', NULL, 'Lookup_Performance-274', 'Lookup_Performance-274'),
(275, 21, NULL, 'Miser', NULL, 'Miser-275', 'Miser-275'),
(276, 21, NULL, 'New Flat', NULL, 'New_Flat-276', 'New_Flat-276'),
(277, 21, NULL, 'Optimum Server Location', NULL, 'Optimum_Server_Location-277', 'Optimum_Server_Location-277'),
(278, 22, NULL, 'Hex Code', NULL, 'Hex_Code-278', 'Hex_Code-278'),
(279, 22, NULL, 'Bang for your Buck', NULL, 'Bang_for_your_Buck-279', 'Bang_for_your_Buck-279'),
(280, 22, NULL, 'Election', NULL, 'Election-280', 'Election-280'),
(281, 22, NULL, 'Fit the Word', NULL, 'Fit_the_Word-281', 'Fit_the_Word-281'),
(282, 22, NULL, 'Graze the Rainbow', NULL, 'Graze_the_Rainbow-282', 'Graze_the_Rainbow-282'),
(283, 22, NULL, 'Programming Contest Strategy', NULL, 'Programming_Contest_Strategy-283', 'Programming_Contest_Strategy-283'),
(284, 22, NULL, 'Quick, Find an Oasis!', NULL, 'Quick_Find_an_Oasis-284', 'Quick_Find_an_Oasis-284'),
(285, 22, NULL, 'Serious Sudoku', NULL, 'Serious_Sudoku-285', 'Serious_Sudoku-285'),
(286, 22, NULL, 'Spelling Bee', NULL, 'Spelling_Bee-286', 'Spelling_Bee-286'),
(287, 22, NULL, 'Aquarium', NULL, 'Aquarium-287', 'Aquarium-287'),
(288, 22, NULL, 'Tom and Jerry', NULL, 'Tom_and_Jerry-288', 'Tom_and_Jerry-288'),
(289, 23, NULL, 'Contest Strategy', NULL, 'Contest_Strategy-289', 'Contest_Strategy-289'),
(290, 23, NULL, 'Terrorists', NULL, 'Terrorists-290', 'Terrorists-290'),
(291, 23, NULL, 'Queue of Soldiers', NULL, 'Queue_of_Soldiers-291', 'Queue_of_Soldiers-291'),
(292, 23, NULL, 'Jumping Joey', NULL, 'Jumping_Joey-292', 'Jumping_Joey-292'),
(293, 23, NULL, 'Primorial vs LCM', NULL, 'Primorial_vs_LCM-293', 'Primorial_vs_LCM-293'),
(294, 23, NULL, 'Automatic Scholarship Calculation', NULL, 'Automatic_Scholarship_Calculation-294', 'Automatic_Scholarship_Calculation-294'),
(295, 23, NULL, 'Sunlight on a Tree', NULL, 'Sunlight_on_a_Tree-295', 'Sunlight_on_a_Tree-295'),
(296, 23, NULL, 'Angry Birds', NULL, 'Angry_Birds-296', 'Angry_Birds-296'),
(297, 23, NULL, 'Donation Packaging', NULL, 'Donation_Packaging-297', 'Donation_Packaging-297'),
(298, 24, NULL, 'Godzilla', NULL, 'Godzilla-298', 'Godzilla-298'),
(299, 24, NULL, 'Stars', NULL, 'Stars-299', 'Stars-299'),
(300, 24, NULL, 'Collector of Bytemons', NULL, 'Collector_of_Bytemons-300', 'Collector_of_Bytemons-300'),
(301, 24, NULL, 'Laser Billiards', NULL, 'Laser_Billiards-301', 'Laser_Billiards-301'),
(302, 24, NULL, 'Painter', NULL, 'Painter-302', 'Painter-302'),
(303, 24, NULL, 'Kindergarten', NULL, 'Kindergarten-303', 'Kindergarten-303'),
(304, 24, NULL, 'Harsh Winter', NULL, 'Harsh_Winter-304', 'Harsh_Winter-304'),
(305, 24, NULL, 'Trams', NULL, 'Trams-305', 'Trams-305'),
(306, 24, NULL, 'Independent Sets', NULL, 'Independent_Sets-306', 'Independent_Sets-306'),
(307, 24, NULL, 'Printing', NULL, 'Printing-307', 'Printing-307'),
(308, 24, NULL, 'Vials', NULL, 'Vials-308', 'Vials-308'),
(309, 24, NULL, 'Dwarf Party', NULL, 'Dwarf_Party-309', 'Dwarf_Party-309'),
(310, 24, NULL, 'Clients', NULL, 'Clients-310', 'Clients-310'),
(311, 24, NULL, 'Cliquers', NULL, 'Cliquers-311', 'Cliquers-311'),
(312, 24, NULL, 'Debt Clock', NULL, 'Debt_Clock-312', 'Debt_Clock-312'),
(313, 24, NULL, 'Ants', NULL, 'Ants-313', 'Ants-313'),
(314, 24, NULL, 'Design a Board', NULL, 'Design_a_Board-314', 'Design_a_Board-314'),
(315, 24, NULL, 'Castle', NULL, 'Castle-315', 'Castle-315'),
(316, 1, NULL, 'Blur', NULL, 'Blur-316', 'Blur-316'),
(317, 1, NULL, 'A Classy Problem', NULL, 'A_Classy_Problem-317', 'A_Classy_Problem-317'),
(318, 1, NULL, 'Egg Drop', NULL, 'Egg_Drop-318', 'Egg_Drop-318'),
(319, 1, NULL, 'Excellence', NULL, 'Excellence-319', 'Excellence-319'),
(320, 1, NULL, 'Grid', NULL, 'Grid-320', 'Grid-320'),
(321, 1, NULL, 'Wheels', NULL, 'Wheels-321', 'Wheels-321'),
(322, 1, NULL, 'The Magical 3', NULL, 'The_Magical_3-322', 'The_Magical_3-322'),
(323, 1, NULL, 'Persistence', NULL, 'Persistence-323', 'Persistence-323'),
(324, 1, NULL, 'Bricks', NULL, 'Bricks-324', 'Bricks-324'),
(325, 1, NULL, 'Good morning!', NULL, 'Good_morning-325', 'Good_morning-325'),
(326, 1, NULL, 'Xedni Drawkcab', NULL, 'Xedni_Drawkcab-326', 'Xedni_Drawkcab-326'),
(327, 25, NULL, 'Parades', NULL, 'Parades-327', 'Parades-327'),
(328, 25, NULL, 'Mountainous landscape', NULL, 'Mountainous_landscape-328', 'Mountainous_landscape-328'),
(329, 25, NULL, 'Sums', NULL, 'Sums-329', 'Sums-329'),
(330, 25, NULL, 'Can\'t stop playing', NULL, 'Cant_stop_playing-330', 'Cant_stop_playing-330'),
(331, 25, NULL, 'Vocabulary', NULL, 'Vocabulary-331', 'Vocabulary-331'),
(332, 25, NULL, 'Virus synthesis', NULL, 'Virus_synthesis-332', 'Virus_synthesis-332'),
(333, 25, NULL, 'Pork barrel', NULL, 'Pork_barrel-333', 'Pork_barrel-333'),
(334, 25, NULL, 'The Imp', NULL, 'The_Imp-334', 'The_Imp-334'),
(335, 25, NULL, 'Outer space invaders', NULL, 'Outer_space_invaders-335', 'Outer_space_invaders-335'),
(336, 1, NULL, 'Grade School Multiplication', NULL, 'Grade_School_Multiplication-336', 'Grade_School_Multiplication-336'),
(337, 1, NULL, 'Boss Battle', NULL, 'Boss_Battle-337', 'Boss_Battle-337'),
(338, 1, NULL, 'Pizza Pricing', NULL, 'Pizza_Pricing-338', 'Pizza_Pricing-338'),
(339, 1, NULL, 'Su-domino-ku', NULL, 'Su-domino-ku-339', 'Su-domino-ku-339'),
(340, 1, NULL, 'Refrigerator Magnets', NULL, 'Refrigerator_Magnets-340', 'Refrigerator_Magnets-340'),
(341, 1, NULL, 'Shut the Box', NULL, 'Shut_the_Box-341', 'Shut_the_Box-341'),
(342, 1, NULL, 'Sokoban', NULL, 'Sokoban-342', 'Sokoban-342'),
(343, 1, NULL, 'Crash and Go(relians)', NULL, 'Crash_and_Go(relians)-343', 'Crash_and_Go(relians)-343'),
(344, 1, NULL, 'Dunglish', NULL, 'Dunglish-344', 'Dunglish-344'),
(345, 1, NULL, 'High Score', NULL, 'High_Score-345', 'High_Score-345'),
(346, 26, NULL, 'Ascending Photo', NULL, 'Ascending_Photo-346', 'Ascending_Photo-346'),
(347, 26, NULL, 'Connect the Dots', NULL, 'Connect_the_Dots-347', 'Connect_the_Dots-347'),
(348, 26, NULL, 'English Restaurant', NULL, 'English_Restaurant-348', 'English_Restaurant-348'),
(349, 26, NULL, 'Factor-Free Tree', NULL, 'Factor-Free_Tree-349', 'Factor-Free_Tree-349'),
(350, 26, NULL, 'Glyph Recognition', NULL, 'Glyph_Recognition-350', 'Glyph_Recognition-350'),
(351, 26, NULL, 'Installing Apps', NULL, 'Installing_Apps-351', 'Installing_Apps-351'),
(352, 26, NULL, 'Juggling Troupe', NULL, 'Juggling_Troupe-352', 'Juggling_Troupe-352'),
(353, 26, NULL, 'Knockout Tournament', NULL, 'Knockout_Tournament-353', 'Knockout_Tournament-353'),
(354, 1, NULL, 'Pythagoras\'s Revenge', NULL, 'Pythagorass_Revenge-354', 'Pythagorass_Revenge-354'),
(355, 1, NULL, 'Digit Solitaire', NULL, 'Digit_Solitaire-355', 'Digit_Solitaire-355'),
(356, 1, NULL, 'Any Way You Slice It', NULL, 'Any_Way_You_Slice_It-356', 'Any_Way_You_Slice_It-356'),
(357, 1, NULL, 'Is the Name of This Problem', NULL, 'Is_the_Name_of_This_Problem-357', 'Is_the_Name_of_This_Problem-357'),
(358, 1, NULL, 'ASCII Addition', NULL, 'ASCII_Addition-358', 'ASCII_Addition-358'),
(359, 1, NULL, 'LRU Caching', NULL, 'LRU_Caching-359', 'LRU_Caching-359'),
(360, 1, NULL, 'Jugglefest', NULL, 'Jugglefest-360', 'Jugglefest-360'),
(361, 1, NULL, 'Bounce', NULL, 'Bounce-361', 'Bounce-361'),
(362, 1, NULL, 'Book Borders', NULL, 'Book_Borders-362', 'Book_Borders-362'),
(363, 1, NULL, 'Kernel Knights', NULL, 'Kernel_Knights-363', 'Kernel_Knights-363'),
(364, 27, NULL, 'Cow Confinement', NULL, 'Cow_Confinement-364', 'Cow_Confinement-364'),
(365, 27, NULL, 'Digit Division', NULL, 'Digit_Division-365', 'Digit_Division-365'),
(366, 27, NULL, 'Export Estimate', NULL, 'Export_Estimate-366', 'Export_Estimate-366'),
(367, 27, NULL, 'Frightful Formula', NULL, 'Frightful_Formula-367', 'Frightful_Formula-367'),
(368, 27, NULL, 'Greenhouse Growth', NULL, 'Greenhouse_Growth-368', 'Greenhouse_Growth-368'),
(369, 27, NULL, 'Hovering Hornet', NULL, 'Hovering_Hornet-369', 'Hovering_Hornet-369'),
(370, 27, NULL, 'Ice Igloos', NULL, 'Ice_Igloos-370', 'Ice_Igloos-370'),
(371, 27, NULL, 'Juice Junctions', NULL, 'Juice_Junctions-371', 'Juice_Junctions-371'),
(372, 27, NULL, 'Looping Labyrinth', NULL, 'Looping_Labyrinth-372', 'Looping_Labyrinth-372'),
(373, 1, NULL, 'Islands in the Data Stream', NULL, 'Islands_in_the_Data_Stream-373', 'Islands_in_the_Data_Stream-373'),
(374, 1, NULL, 'Von Neumann\'s Fly', NULL, 'Von_Neumanns_Fly-374', 'Von_Neumanns_Fly-374'),
(375, 1, NULL, 'Strahler Order', NULL, 'Strahler_Order-375', 'Strahler_Order-375'),
(376, 1, NULL, 'Pisano Periods', NULL, 'Pisano_Periods-376', 'Pisano_Periods-376'),
(377, 1, NULL, 'Deranged Exams', NULL, 'Deranged_Exams-377', 'Deranged_Exams-377'),
(378, 1, NULL, 'Coolest Ski Route', NULL, 'Coolest_Ski_Route-378', 'Coolest_Ski_Route-378'),
(379, 1, NULL, 'Down the Pyramid', NULL, 'Down_the_Pyramid-379', 'Down_the_Pyramid-379'),
(380, 1, NULL, 'Expired License', NULL, 'Expired_License-380', 'Expired_License-380'),
(381, 1, NULL, 'It\'s Time for a Montage', NULL, 'Its_Time_for_a_Montage-381', 'Its_Time_for_a_Montage-381'),
(382, 1, NULL, 'Logic Puzzle', NULL, 'Logic_Puzzle-382', 'Logic_Puzzle-382'),
(383, 28, NULL, 'Attack on Alpha-Zet', NULL, 'Attack_on_Alpha-Zet-383', 'Attack_on_Alpha-Zet-383'),
(384, 28, NULL, 'Battle Royale', NULL, 'Battle_Royale-384', 'Battle_Royale-384'),
(385, 28, NULL, 'Fighting Monsters', NULL, 'Fighting_Monsters-385', 'Fighting_Monsters-385'),
(386, 28, NULL, 'GPS', NULL, 'GPS-386', 'GPS-386'),
(387, 28, NULL, 'Hyper Illuminati', NULL, 'Hyper_Illuminati-387', 'Hyper_Illuminati-387'),
(388, 28, NULL, 'Jigsaw Puzzle', NULL, 'Jigsaw_Puzzle-388', 'Jigsaw_Puzzle-388'),
(389, 28, NULL, 'Kitchen Cable Chaos', NULL, 'Kitchen_Cable_Chaos-389', 'Kitchen_Cable_Chaos-389'),
(390, 28, NULL, 'Mountaineers', NULL, 'Mountaineers-390', 'Mountaineers-390'),
(391, 1, NULL, 'Dome Construction', NULL, 'Dome_Construction-391', 'Dome_Construction-391'),
(392, 1, NULL, 'Running Steps', NULL, 'Running_Steps-392', 'Running_Steps-392'),
(393, 1, NULL, 'Feeding Seals', NULL, 'Feeding_Seals-393', 'Feeding_Seals-393'),
(394, 1, NULL, 'Farey Sequence Length', NULL, 'Farey_Sequence_Length-394', 'Farey_Sequence_Length-394'),
(395, 1, NULL, 'A Rational Sequence', NULL, 'A_Rational_Sequence-395', 'A_Rational_Sequence-395'),
(396, 1, NULL, 'Robots', NULL, 'Robots-396', 'Robots-396'),
(397, 1, NULL, 'Compositions', NULL, 'Compositions-397', 'Compositions-397'),
(398, 1, NULL, 'Brocard Point of a Triangle', NULL, 'Brocard_Point_of_a_Triangle-398', 'Brocard_Point_of_a_Triangle-398'),
(399, 1, NULL, 'Integral Pyramid', NULL, 'Integral_Pyramid-399', 'Integral_Pyramid-399'),
(400, 1, NULL, 'Jammed Gym', NULL, 'Jammed_Gym-400', 'Jammed_Gym-400'),
(401, 1, NULL, 'Automatic Accountant', NULL, 'Automatic_Accountant-401', 'Automatic_Accountant-401'),
(402, 1, NULL, 'Ballpark Estimate', NULL, 'Ballpark_Estimate-402', 'Ballpark_Estimate-402'),
(403, 1, NULL, 'Crooked Dealing', NULL, 'Crooked_Dealing-403', 'Crooked_Dealing-403'),
(404, 1, NULL, 'Estate Agent', NULL, 'Estate_Agent-404', 'Estate_Agent-404'),
(405, 1, NULL, 'Grand Central Station', NULL, 'Grand_Central_Station-405', 'Grand_Central_Station-405'),
(406, 1, NULL, 'Hat Stand', NULL, 'Hat_Stand-406', 'Hat_Stand-406'),
(407, 1, NULL, 'Knocked Ink', NULL, 'Knocked_Ink-407', 'Knocked_Ink-407'),
(408, 1, NULL, 'Low Effort League', NULL, 'Low_Effort_League-408', 'Low_Effort_League-408'),
(409, 1, NULL, 'Mosaic Mansion', NULL, 'Mosaic_Mansion-409', 'Mosaic_Mansion-409'),
(410, 1, NULL, 'New Crane Construction', NULL, 'New_Crane_Construction-410', 'New_Crane_Construction-410'),
(411, 29, NULL, 'An Odd Sum', NULL, 'An_Odd_Sum-411', 'An_Odd_Sum-411'),
(412, 29, NULL, 'Best of Seven', NULL, 'Best_of_Seven-412', 'Best_of_Seven-412'),
(413, 29, NULL, 'Block Party', NULL, 'Block_Party-413', 'Block_Party-413'),
(414, 29, NULL, 'Canal Navigation', NULL, 'Canal_Navigation-414', 'Canal_Navigation-414'),
(415, 29, NULL, 'Bookshelf Building', NULL, 'Bookshelf_Building-415', 'Bookshelf_Building-415'),
(416, 29, NULL, 'Morse Enumeration', NULL, 'Morse_Enumeration-416', 'Morse_Enumeration-416'),
(417, 29, NULL, 'Flip Flow', NULL, 'Flip_Flow-417', 'Flip_Flow-417'),
(418, 29, NULL, 'Promoting Elves\' Rights', NULL, 'Promoting_Elves_Rights-418', 'Promoting_Elves_Rights-418'),
(419, 29, NULL, 'Proper Subsets', NULL, 'Proper_Subsets-419', 'Proper_Subsets-419'),
(420, 29, NULL, 'Knightly Knowledge', NULL, 'Knightly_Knowledge-420', 'Knightly_Knowledge-420'),
(421, 29, NULL, 'Mixtape Management', NULL, 'Mixtape_Management-421', 'Mixtape_Management-421'),
(422, 29, NULL, 'Walking', NULL, 'Walking-422', 'Walking-422'),
(423, 30, NULL, 'Adolescent Architecture', NULL, 'Adolescent_Architecture-423', 'Adolescent_Architecture-423'),
(424, 30, NULL, 'Confined Catching', NULL, 'Confined_Catching-424', 'Confined_Catching-424'),
(425, 30, NULL, 'Decorative Dominoes', NULL, 'Decorative_Dominoes-425', 'Decorative_Dominoes-425'),
(426, 30, NULL, 'Exhausting Errands', NULL, 'Exhausting_Errands-426', 'Exhausting_Errands-426'),
(427, 30, NULL, 'Gravity Grid', NULL, 'Gravity_Grid-427', 'Gravity_Grid-427'),
(428, 30, NULL, 'Hectic Harbour', NULL, 'Hectic_Harbour-428', 'Hectic_Harbour-428'),
(429, 30, NULL, 'Impressive Integers', NULL, 'Impressive_Integers-429', 'Impressive_Integers-429'),
(430, 30, NULL, 'Jeopardised Journey', NULL, 'Jeopardised_Journey-430', 'Jeopardised_Journey-430'),
(431, 30, NULL, 'Lexicographical Lecturing', NULL, 'Lexicographical_Lecturing-431', 'Lexicographical_Lecturing-431'),
(432, 31, NULL, 'Cherry Blossom Counting', NULL, 'Cherry_Blossom_Counting-432', 'Cherry_Blossom_Counting-432'),
(433, 31, NULL, 'Snowpocalypse', NULL, 'Snowpocalypse-433', 'Snowpocalypse-433'),
(434, 31, NULL, 'Fizzy Buzzy Bears', NULL, 'Fizzy_Buzzy_Bears-434', 'Fizzy_Buzzy_Bears-434'),
(435, 31, NULL, 'Find your Easter Bunny Name', NULL, 'Find_your_Easter_Bunny_Name-435', 'Find_your_Easter_Bunny_Name-435'),
(436, 31, NULL, 'Triathalon Prediction', NULL, 'Triathalon_Prediction-436', 'Triathalon_Prediction-436'),
(437, 31, NULL, 'The Juggler\'s Fallacy', NULL, 'The_Jugglers_Fallacy-437', 'The_Jugglers_Fallacy-437'),
(438, 31, NULL, 'Downhill Marble Labyrinth', NULL, 'Downhill_Marble_Labyrinth-438', 'Downhill_Marble_Labyrinth-438'),
(439, 31, NULL, 'Snake Game', NULL, 'Snake_Game-439', 'Snake_Game-439'),
(440, 31, NULL, 'Tree Planting', NULL, 'Tree_Planting-440', 'Tree_Planting-440'),
(441, 31, NULL, 'Sum of Squares', NULL, 'Sum_of_Squares-441', 'Sum_of_Squares-441'),
(442, 32, NULL, 'Airport Coffee', NULL, 'Airport_Coffee-442', 'Airport_Coffee-442'),
(443, 32, NULL, 'Best Relay Team', NULL, 'Best_Relay_Team-443', 'Best_Relay_Team-443'),
(444, 32, NULL, 'Compass Card Sales', NULL, 'Compass_Card_Sales-444', 'Compass_Card_Sales-444'),
(445, 32, NULL, 'Distinctive Character', NULL, 'Distinctive_Character-445', 'Distinctive_Character-445'),
(446, 32, NULL, 'Emptying the Baltic', NULL, 'Emptying_the_Baltic-446', 'Emptying_the_Baltic-446'),
(447, 32, NULL, 'Fractal Tree', NULL, 'Fractal_Tree-447', 'Fractal_Tree-447'),
(448, 32, NULL, 'Galactic Collegiate Programming Contest', NULL, 'Galactic_Collegiate_Programming_Contest-448', 'Galactic_Collegiate_Programming_Contest-448'),
(449, 32, NULL, 'Hubtown', NULL, 'Hubtown-449', 'Hubtown-449'),
(450, 32, NULL, 'Import Spaghetti', NULL, 'Import_Spaghetti-450', 'Import_Spaghetti-450'),
(451, 32, NULL, 'Judging Moose', NULL, 'Judging_Moose-451', 'Judging_Moose-451'),
(452, 32, NULL, 'Kayaking Trip', NULL, 'Kayaking_Trip-452', 'Kayaking_Trip-452'),
(453, 33, NULL, 'Barbells', NULL, 'Barbells-453', 'Barbells-453'),
(454, 33, NULL, 'Buggy Robot', NULL, 'Buggy_Robot-454', 'Buggy_Robot-454'),
(455, 33, NULL, 'As Easy As C-A-B', NULL, 'As_Easy_As_C-A-B-455', 'As_Easy_As_C-A-B-455'),
(456, 33, NULL, 'Gravity', NULL, 'Gravity-456', 'Gravity-456'),
(457, 33, NULL, 'Histogram', NULL, 'Histogram-457', 'Histogram-457'),
(458, 33, NULL, 'Islands', NULL, 'Islands-458', 'Islands-458'),
(459, 33, NULL, 'Project Panoptes', NULL, 'Project_Panoptes-459', 'Project_Panoptes-459'),
(460, 33, NULL, 'Periodic Strings', NULL, 'Periodic_Strings-460', 'Periodic_Strings-460'),
(461, 33, NULL, 'Mismatched Socks', NULL, 'Mismatched_Socks-461', 'Mismatched_Socks-461'),
(462, 33, NULL, 'It Takes Three', NULL, 'It_Takes_Three-462', 'It_Takes_Three-462'),
(463, 33, NULL, 'Zigzag', NULL, 'Zigzag-463', 'Zigzag-463'),
(464, 34, NULL, 'Palindromes', NULL, 'Palindromes-464', 'Palindromes-464'),
(465, 34, NULL, 'Average', NULL, 'Average-465', 'Average-465'),
(466, 34, NULL, 'Substitutes', NULL, 'Substitutes-466', 'Substitutes-466'),
(467, 34, NULL, 'Blackboard', NULL, 'Blackboard-467', 'Blackboard-467'),
(468, 34, NULL, 'Quality', NULL, 'Quality-468', 'Quality-468'),
(469, 34, NULL, 'Chronic', NULL, 'Chronic-469', 'Chronic-469'),
(470, 34, NULL, 'Exchange', NULL, 'Exchange-470', 'Exchange-470'),
(471, 34, NULL, 'Mexican', NULL, 'Mexican-471', 'Mexican-471'),
(472, 34, NULL, 'Bali Sculptures', NULL, 'Bali_Sculptures-472', 'Bali_Sculptures-472'),
(473, 34, NULL, 'Jakarta Skyscrapers', NULL, 'Jakarta_Skyscrapers-473', 'Jakarta_Skyscrapers-473'),
(474, 34, NULL, 'Palembang Bridges', NULL, 'Palembang_Bridges-474', 'Palembang_Bridges-474'),
(475, 1, NULL, 'Exam', NULL, 'Exam-475', 'Exam-475'),
(476, 1, NULL, 'Goat Rope', NULL, 'Goat_Rope-476', 'Goat_Rope-476'),
(477, 1, NULL, 'Repeating Goldbachs', NULL, 'Repeating_Goldbachs-477', 'Repeating_Goldbachs-477'),
(478, 1, NULL, 'Illiteracy', NULL, 'Illiteracy-478', 'Illiteracy-478'),
(479, 1, NULL, 'Knockout', NULL, 'Knockout-479', 'Knockout-479'),
(480, 1, NULL, 'Rectangles', NULL, 'Rectangles-480', 'Rectangles-480'),
(481, 1, NULL, 'Random Index Vectors', NULL, 'Random_Index_Vectors-481', 'Random_Index_Vectors-481'),
(482, 1, NULL, 'Area Rug', NULL, 'Area_Rug-482', 'Area_Rug-482'),
(483, 1, NULL, 'Sculpture', NULL, 'Sculpture-483', 'Sculpture-483'),
(484, 1, NULL, 'Time Limits', NULL, 'Time_Limits-484', 'Time_Limits-484'),
(485, 1, NULL, 'To Tell the Truth', NULL, 'To_Tell_the_Truth-485', 'To_Tell_the_Truth-485'),
(486, 1, NULL, 'Trot', NULL, 'Trot-486', 'Trot-486'),
(487, 1, NULL, 'Reconstruction', NULL, 'Reconstruction-487', 'Reconstruction-487'),
(488, 1, NULL, 'Rhymc', NULL, 'Rhymc-488', 'Rhymc-488'),
(489, 1, NULL, 'Crossword', NULL, 'Crossword-489', 'Crossword-489'),
(490, 1, NULL, 'Boat', NULL, 'Boat-490', 'Boat-490'),
(491, 1, NULL, 'Fireworks', NULL, 'Fireworks-491', 'Fireworks-491'),
(492, 1, NULL, 'Lots of Triangles', NULL, 'Lots_of_Triangles-492', 'Lots_of_Triangles-492'),
(493, 1, NULL, 'Team Building', NULL, 'Team_Building-493', 'Team_Building-493'),
(494, 1, NULL, 'Lasers and Mirrors', NULL, 'Lasers_and_Mirrors-494', 'Lasers_and_Mirrors-494'),
(495, 1, NULL, 'Robotic Cow Herd', NULL, 'Robotic_Cow_Herd-495', 'Robotic_Cow_Herd-495'),
(496, 1, NULL, 'The Mountain of Gold?', NULL, 'The_Mountain_of_Gold-496', 'The_Mountain_of_Gold-496'),
(497, 1, NULL, 'Cryptoquote', NULL, 'Cryptoquote-497', 'Cryptoquote-497'),
(498, 1, NULL, 'Turtle Graphics', NULL, 'Turtle_Graphics-498', 'Turtle_Graphics-498'),
(499, 1, NULL, 'The Greatest Common Divisors', NULL, 'The_Greatest_Common_Divisors-499', 'The_Greatest_Common_Divisors-499'),
(500, 1, NULL, 'Jumping Game', NULL, 'Jumping_Game-500', 'Jumping_Game-500'),
(501, 1, NULL, 'Pantun Grader', NULL, 'Pantun_Grader-501', 'Pantun_Grader-501'),
(502, 1, NULL, 'Hari Merdeka', NULL, 'Hari_Merdeka-502', 'Hari_Merdeka-502'),
(503, 1, NULL, 'Tunel de Rata', NULL, 'Tunel_de_Rata-503', 'Tunel_de_Rata-503'),
(504, 1, NULL, 'Interstellar Love', NULL, 'Interstellar_Love-504', 'Interstellar_Love-504'),
(505, 1, NULL, 'Spokes Wheel', NULL, 'Spokes_Wheel-505', 'Spokes_Wheel-505'),
(506, 1, NULL, 'Balanced Photo', NULL, 'Balanced_Photo-506', 'Balanced_Photo-506'),
(507, 1, NULL, 'Cow Basic', NULL, 'Cow_Basic-507', 'Cow_Basic-507'),
(508, 1, NULL, 'Cow Navigation', NULL, 'Cow_Navigation-508', 'Cow_Navigation-508'),
(509, 1, NULL, 'Flipping Cards', NULL, 'Flipping_Cards-509', 'Flipping_Cards-509'),
(510, 1, NULL, 'Switch Grass', NULL, 'Switch_Grass-510', 'Switch_Grass-510'),
(511, 1, NULL, 'Hoof, Paper, Scissors', NULL, 'Hoof_Paper_Scissors-511', 'Hoof_Paper_Scissors-511'),
(512, 1, NULL, 'Sheets', NULL, 'Sheets-512', 'Sheets-512'),
(513, 1, NULL, 'Strings', NULL, 'Strings-513', 'Strings-513'),
(514, 1, NULL, 'Tale', NULL, 'Tale-514', 'Tale-514'),
(515, 1, NULL, 'Potato Sacks', NULL, 'Potato_Sacks-515', 'Potato_Sacks-515'),
(516, 1, NULL, 'Hedwig\'s Ladder', NULL, 'Hedwigs_Ladder-516', 'Hedwigs_Ladder-516'),
(517, 1, NULL, 'Quick Change', NULL, 'Quick_Change-517', 'Quick_Change-517'),
(518, 1, NULL, 'What time is it anyway?', NULL, 'What_time_is_it_anyway-518', 'What_time_is_it_anyway-518'),
(519, 1, NULL, 'Left-Right-Win', NULL, 'Left-Right-Win-519', 'Left-Right-Win-519'),
(520, 1, NULL, 'Subprime Fibonacci Sequence', NULL, 'Subprime_Fibonacci_Sequence-520', 'Subprime_Fibonacci_Sequence-520'),
(521, 1, NULL, 'Possible Passwords', NULL, 'Possible_Passwords-521', 'Possible_Passwords-521'),
(522, 1, NULL, 'Pinemi Puzzles', NULL, 'Pinemi_Puzzles-522', 'Pinemi_Puzzles-522'),
(523, 35, NULL, 'Happy Camper', NULL, 'Happy_Camper-523', 'Happy_Camper-523'),
(524, 35, NULL, 'Chemistry', NULL, 'Chemistry-524', 'Chemistry-524'),
(525, 35, NULL, 'Dirichlet\'s Theorem', NULL, 'Dirichlets_Theorem-525', 'Dirichlets_Theorem-525'),
(526, 35, NULL, 'Fuel Stops', NULL, 'Fuel_Stops-526', 'Fuel_Stops-526'),
(527, 35, NULL, 'Approximate Sorting', NULL, 'Approximate_Sorting-527', 'Approximate_Sorting-527'),
(528, 35, NULL, 'Nine', NULL, 'Nine-528', 'Nine-528'),
(529, 35, NULL, 'Function Overloading', NULL, 'Function_Overloading-529', 'Function_Overloading-529'),
(530, 35, NULL, 'Trees', NULL, 'Trees-530', 'Trees-530'),
(531, 35, NULL, 'Catching Shade in Flatland', NULL, 'Catching_Shade_in_Flatland-531', 'Catching_Shade_in_Flatland-531'),
(532, 35, NULL, 'Emergency Room', NULL, 'Emergency_Room-532', 'Emergency_Room-532'),
(533, 1, NULL, 'East-West', NULL, 'East-West-533', 'East-West-533'),
(534, 1, NULL, 'The Competition', NULL, 'The_Competition-534', 'The_Competition-534'),
(535, 1, NULL, 'Peaks', NULL, 'Peaks-535', 'Peaks-535'),
(536, 1, NULL, 'Treasure', NULL, 'Treasure-536', 'Treasure-536'),
(537, 1, NULL, 'Garden', NULL, 'Garden-537', 'Garden-537'),
(538, 1, NULL, 'Excursion', NULL, 'Excursion-538', 'Excursion-538'),
(539, 1, NULL, 'Highways', NULL, 'Highways-539', 'Highways-539'),
(540, 1, NULL, 'Archery', NULL, 'Archery-540', 'Archery-540'),
(541, 1, NULL, 'Regions', NULL, 'Regions-541', 'Regions-541'),
(542, 1, NULL, 'Earthquake', NULL, 'Earthquake-542', 'Earthquake-542'),
(543, 36, NULL, 'Sum Kind of Problem', NULL, 'Sum_Kind_of_Problem-543', 'Sum_Kind_of_Problem-543'),
(544, 36, NULL, 'Immortal Porpoises', NULL, 'Immortal_Porpoises-544', 'Immortal_Porpoises-544'),
(545, 36, NULL, 'RATS', NULL, 'RATS-545', 'RATS-545'),
(546, 1, NULL, 'Brunhilda\'s Birthday', NULL, 'Brunhildas_Birthday-546', 'Brunhildas_Birthday-546'),
(547, 1, NULL, 'Roads, Bridges, and a River', NULL, 'Roads_Bridges_and_a_River-547', 'Roads_Bridges_and_a_River-547'),
(548, 1, NULL, 'Circles on the Axis', NULL, 'Circles_on_the_Axis-548', 'Circles_on_the_Axis-548'),
(549, 1, NULL, 'Vim', NULL, 'Vim-549', 'Vim-549'),
(550, 1, NULL, 'Tracks in the Snow', NULL, 'Tracks_in_the_Snow-550', 'Tracks_in_the_Snow-550'),
(551, 1, NULL, 'Ball Machine', NULL, 'Ball_Machine-551', 'Ball_Machine-551'),
(552, 1, NULL, 'Palindrome-Free Numbers', NULL, 'Palindrome-Free_Numbers-552', 'Palindrome-Free_Numbers-552'),
(553, 1, NULL, 'Pipes', NULL, 'Pipes-553', 'Pipes-553'),
(554, 1, NULL, 'Sumo', NULL, 'Sumo-554', 'Sumo-554'),
(555, 1, NULL, 'Explosions', NULL, 'Explosions-555', 'Explosions-555'),
(556, 1, NULL, 'Brick Sequence', NULL, 'Brick_Sequence-556', 'Brick_Sequence-556'),
(557, 1, NULL, 'Hash', NULL, 'Hash-557', 'Hash-557'),
(558, 37, NULL, 'Block Game', NULL, 'Block_Game-558', 'Block_Game-558'),
(559, 37, NULL, 'Euclid', NULL, 'Euclid-559', 'Euclid-559'),
(560, 37, NULL, 'Museum Guards', NULL, 'Museum_Guards-560', 'Museum_Guards-560'),
(561, 37, NULL, 'Knitting', NULL, 'Knitting-561', 'Knitting-561'),
(562, 37, NULL, 'Minesweeper', NULL, 'Minesweeper-562', 'Minesweeper-562'),
(563, 37, NULL, 'The Ninja Way', NULL, 'The_Ninja_Way-563', 'The_Ninja_Way-563'),
(564, 37, NULL, 'Pool Table', NULL, 'Pool_Table-564', 'Pool_Table-564'),
(565, 37, NULL, 'Robot Challenge', NULL, 'Robot_Challenge-565', 'Robot_Challenge-565'),
(566, 37, NULL, 'Mosaic', NULL, 'Mosaic-566', 'Mosaic-566'),
(567, 38, NULL, 'Strange Billboard', NULL, 'Strange_Billboard-567', 'Strange_Billboard-567'),
(568, 38, NULL, 'Phone Cell', NULL, 'Phone_Cell-568', 'Phone_Cell-568'),
(569, 38, NULL, 'Hexagonal Parcels', NULL, 'Hexagonal_Parcels-569', 'Hexagonal_Parcels-569'),
(570, 38, NULL, 'Key Task', NULL, 'Key_Task-570', 'Key_Task-570'),
(571, 38, NULL, 'Gates of Logic', NULL, 'Gates_of_Logic-571', 'Gates_of_Logic-571'),
(572, 38, NULL, 'Weird Numbers', NULL, 'Weird_Numbers-572', 'Weird_Numbers-572'),
(573, 38, NULL, 'Rectangular Polygons', NULL, 'Rectangular_Polygons-573', 'Rectangular_Polygons-573'),
(574, 38, NULL, 'Reaux! Sham! Beaux!', NULL, 'Reaux_Sham_Beaux-574', 'Reaux_Sham_Beaux-574'),
(575, 38, NULL, 'Robotic Sort', NULL, 'Robotic_Sort-575', 'Robotic_Sort-575'),
(576, 38, NULL, 'Tough Water Level', NULL, 'Tough_Water_Level-576', 'Tough_Water_Level-576'),
(577, 40, NULL, 'Appropriate Coordinate Map', NULL, 'Appropriate_Coordinate_Map-577', 'Appropriate_Coordinate_Map-577'),
(578, 40, NULL, 'Banking II', NULL, 'Banking_II-578', 'Banking_II-578'),
(579, 40, NULL, 'Calculating Taxes', NULL, 'Calculating_Taxes-579', 'Calculating_Taxes-579'),
(580, 40, NULL, 'Dropped Water Bottle', NULL, 'Dropped_Water_Bottle-580', 'Dropped_Water_Bottle-580'),
(581, 40, NULL, 'Earl\'s Extremely Efficient Encryption', NULL, 'Earls_Extremely_Efficient_Encryption-581', 'Earls_Extremely_Efficient_Encryption-581'),
(582, 40, NULL, 'Flipping Switches', NULL, 'Flipping_Switches-582', 'Flipping_Switches-582'),
(583, 40, NULL, 'Game Moves', NULL, 'Game_Moves-583', 'Game_Moves-583'),
(584, 40, NULL, 'Hiking', NULL, 'Hiking-584', 'Hiking-584'),
(585, 40, NULL, 'Individually Customised Pop-up Cards', NULL, 'Individually_Customised_Pop-up_Cards-585', 'Individually_Customised_Pop-up_Cards-585'),
(586, 40, NULL, 'Jumping Impala', NULL, 'Jumping_Impala-586', 'Jumping_Impala-586'),
(587, 40, NULL, 'Krypton Stadiums', NULL, 'Krypton_Stadiums-587', 'Krypton_Stadiums-587'),
(588, 41, NULL, 'Congruent Numbers', NULL, 'Congruent_Numbers-588', 'Congruent_Numbers-588'),
(589, 41, NULL, 'Unloaded Die', NULL, 'Unloaded_Die-589', 'Unloaded_Die-589'),
(590, 41, NULL, 'Halfway', NULL, 'Halfway-590', 'Halfway-590'),
(591, 41, NULL, 'Law 11', NULL, 'Law_11-591', 'Law_11-591'),
(592, 41, NULL, 'Long Long Strings', NULL, 'Long_Long_Strings-592', 'Long_Long_Strings-592'),
(593, 41, NULL, 'Move Away', NULL, 'Move_Away-593', 'Move_Away-593'),
(594, 41, NULL, 'Purple Rain', NULL, 'Purple_Rain-594', 'Purple_Rain-594'),
(595, 41, NULL, 'Rainbow Roads', NULL, 'Rainbow_Roads-595', 'Rainbow_Roads-595'),
(596, 41, NULL, 'Arithmetic Sequences', NULL, 'Arithmetic_Sequences-596', 'Arithmetic_Sequences-596'),
(597, 41, NULL, 'Star Arrangements', NULL, 'Star_Arrangements-597', 'Star_Arrangements-597'),
(598, 41, NULL, 'Treasure Map', NULL, 'Treasure_Map-598', 'Treasure_Map-598'),
(599, 24, NULL, 'Clouds', NULL, 'Clouds-599', 'Clouds-599'),
(600, 24, NULL, 'Lamp', NULL, 'Lamp-600', 'Lamp-600'),
(601, 24, NULL, 'Les Biterables', NULL, 'Les_Biterables-601', 'Les_Biterables-601'),
(602, 24, NULL, 'Parentheses 2', NULL, 'Parentheses_2-602', 'Parentheses_2-602'),
(603, 24, NULL, 'Sticks', NULL, 'Sticks-603', 'Sticks-603'),
(604, 24, NULL, 'Sunbathers', NULL, 'Sunbathers-604', 'Sunbathers-604'),
(605, 24, NULL, 'Rainfall', NULL, 'Rainfall-605', 'Rainfall-605'),
(606, 24, NULL, 'Automorphisms', NULL, 'None', 'None'),
(607, 24, NULL, 'Quadtree', NULL, 'None', 'None'),
(608, 24, NULL, 'Dice Contest', NULL, 'None', 'None'),
(609, 24, NULL, 'Pebbles', NULL, 'None', 'None'),
(610, 24, NULL, 'Divine Divisor', NULL, 'None', 'None'),
(611, 24, NULL, 'Least Common Multiple', NULL, 'None', 'None'),
(612, 24, NULL, 'Return of the Cliquers', NULL, 'Return_of_the_Cliquers-612', 'Return_of_the_Cliquers-612'),
(613, 24, NULL, 'Shipping', NULL, 'None', 'None'),
(614, 24, NULL, 'Polygon', NULL, 'Polygon-614', 'Polygon-614');
INSERT INTO `com_catalogsystem_problem` (`id`, `source_id`, `category_id`, `name`, `difficulty`, `pdf_link`, `zip_link`) VALUES
(615, 24, NULL, 'Cryptograms 1', NULL, 'Cryptograms_1-615', 'Cryptograms_1-615'),
(616, 24, NULL, 'Cryptograms 2', NULL, 'Cryptograms_2-616', 'Cryptograms_2-616'),
(617, 24, NULL, 'Cryptograms 3', NULL, 'Cryptograms_3-617', 'Cryptograms_3-617'),
(618, 24, NULL, 'Cryptograms 4', NULL, 'Cryptograms_4-618', 'Cryptograms_4-618'),
(619, 24, NULL, 'Cryptograms 5', NULL, 'Cryptograms_5-619', 'Cryptograms_5-619'),
(620, 24, NULL, 'Cryptograms 6', NULL, 'Cryptograms_6-620', 'Cryptograms_6-620'),
(621, 24, NULL, 'Cryptograms 7', NULL, 'Cryptograms_7-621', 'Cryptograms_7-621'),
(622, 24, NULL, 'Cryptograms 8', NULL, 'Cryptograms_8-622', 'Cryptograms_8-622'),
(623, 24, NULL, 'Cryptograms 9', NULL, 'Cryptograms_9-623', 'Cryptograms_9-623'),
(624, 24, NULL, 'Cryptograms 10', NULL, 'Cryptograms_10-624', 'Cryptograms_10-624'),
(625, 24, NULL, 'Cryptograms 11', NULL, 'Cryptograms_11-625', 'Cryptograms_11-625'),
(626, 24, NULL, 'Cryptograms 12', NULL, 'Cryptograms_12-626', 'Cryptograms_12-626'),
(627, 24, NULL, 'Cryptograms 13', NULL, 'Cryptograms_13-627', 'Cryptograms_13-627'),
(628, 24, NULL, 'Cryptograms 14', NULL, 'Cryptograms_14-628', 'Cryptograms_14-628'),
(629, 24, NULL, 'Cryptograms 15', NULL, 'Cryptograms_15-629', 'Cryptograms_15-629'),
(630, 24, NULL, 'Cryptograms 16', NULL, 'Cryptograms_16-630', 'Cryptograms_16-630'),
(631, 24, NULL, 'Cryptograms 17', NULL, 'Cryptograms_17-631', 'Cryptograms_17-631'),
(632, 24, NULL, 'Cryptograms 18', NULL, 'Cryptograms_18-632', 'Cryptograms_18-632'),
(633, 24, NULL, 'Cryptograms 19', NULL, 'Cryptograms_19-633', 'Cryptograms_19-633'),
(634, 24, NULL, 'Cryptograms 20', NULL, 'Cryptograms_20-634', 'Cryptograms_20-634'),
(635, 24, NULL, 'Cryptograms 21', NULL, 'Cryptograms_21-635', 'Cryptograms_21-635'),
(636, 24, NULL, 'Cryptograms 22', NULL, 'Cryptograms_22-636', 'Cryptograms_22-636'),
(637, 24, NULL, 'Cryptograms 23', NULL, 'Cryptograms_23-637', 'Cryptograms_23-637'),
(638, 24, NULL, 'Cryptograms 24', NULL, 'Cryptograms_24-638', 'Cryptograms_24-638'),
(639, 24, NULL, 'Cryptograms 25', NULL, 'Cryptograms_25-639', 'Cryptograms_25-639'),
(640, 24, NULL, 'Cryptograms 26', NULL, 'Cryptograms_26-640', 'Cryptograms_26-640'),
(641, 24, NULL, 'Banjo', NULL, 'Banjo-641', 'Banjo-641'),
(642, 24, NULL, 'Chase', NULL, 'Chase-642', 'Chase-642'),
(643, 24, NULL, 'The Minima Game', NULL, 'The_Minima_Game-643', 'The_Minima_Game-643'),
(644, 24, NULL, 'Dinners', NULL, 'Dinners-644', 'Dinners-644'),
(645, 24, NULL, 'Solar Lamps', NULL, 'Solar_Lamps-645', 'Solar_Lamps-645'),
(646, 24, NULL, 'Ornithologist', NULL, 'Ornithologist-646', 'Ornithologist-646'),
(647, 24, NULL, 'Wandering Flea Trainers', NULL, 'Wandering_Flea_Trainers-647', 'Wandering_Flea_Trainers-647'),
(648, 24, NULL, 'State Roads', NULL, 'State_Roads-648', 'State_Roads-648'),
(649, 24, NULL, 'Tourism', NULL, 'Tourism-649', 'Tourism-649'),
(650, 24, NULL, 'Cake Shop', NULL, 'Cake_Shop-650', 'Cake_Shop-650'),
(651, 24, NULL, 'Film Editor', NULL, 'Film_Editor-651', 'Film_Editor-651'),
(652, 24, NULL, 'Plush Toys', NULL, 'Plush_Toys-652', 'Plush_Toys-652'),
(653, 24, NULL, 'Furniture', NULL, 'Furniture-653', 'Furniture-653'),
(654, 24, NULL, 'Parentheses', NULL, 'Parentheses-654', 'Parentheses-654'),
(655, 24, NULL, 'Packing a Backpack', NULL, 'Packing_a_Backpack-655', 'Packing_a_Backpack-655'),
(656, 24, NULL, 'Packing a Backpack Once Again', NULL, 'Packing_a_Backpack_Once_Again-656', 'Packing_a_Backpack_Once_Again-656'),
(657, 24, NULL, 'Cloakroom', NULL, 'Cloakroom-657', 'Cloakroom-657'),
(658, 42, NULL, 'FizzBuzz', NULL, 'FizzBuzz-658', 'FizzBuzz-658'),
(659, 42, NULL, 'Password Hacking', NULL, 'Password_Hacking-659', 'Password_Hacking-659'),
(660, 42, NULL, 'Delivering Goods', NULL, 'Delivering_Goods-660', 'Delivering_Goods-660'),
(661, 42, NULL, 'Studying For Exams', NULL, 'Studying_For_Exams-661', 'Studying_For_Exams-661'),
(662, 42, NULL, 'Bumper-To-Bumper Traffic', NULL, 'Bumper-To-Bumper_Traffic-662', 'Bumper-To-Bumper_Traffic-662'),
(663, 42, NULL, 'Flow Shop', NULL, 'Flow_Shop-663', 'Flow_Shop-663'),
(664, 42, NULL, 'Nice Numbers', NULL, 'Nice_Numbers-664', 'Nice_Numbers-664'),
(665, 42, NULL, 'Stacking Cups', NULL, 'Stacking_Cups-665', 'Stacking_Cups-665'),
(666, 42, NULL, 'Stack Construction', NULL, 'Stack_Construction-666', 'Stack_Construction-666'),
(667, 43, NULL, 'Archivist', NULL, 'Archivist-667', 'Archivist-667'),
(668, 43, NULL, 'Bicycle', NULL, 'Bicycle-668', 'Bicycle-668'),
(669, 43, NULL, 'Display', NULL, 'Display-669', 'Display-669'),
(670, 43, NULL, 'Easy Compare-and-Set', NULL, 'Easy_Compare-and-Set-670', 'Easy_Compare-and-Set-670'),
(671, 43, NULL, 'Futures Market Trends', NULL, 'Futures_Market_Trends-671', 'Futures_Market_Trends-671'),
(672, 43, NULL, 'Grammar Path', NULL, 'Grammar_Path-672', 'Grammar_Path-672'),
(673, 43, NULL, 'Heroes of Coin Flipping', NULL, 'Heroes_of_Coin_Flipping-673', 'Heroes_of_Coin_Flipping-673'),
(674, 43, NULL, 'Integer Square', NULL, 'Integer_Square-674', 'Integer_Square-674'),
(675, 43, NULL, 'Joint Password Storage', NULL, 'Joint_Password_Storage-675', 'Joint_Password_Storage-675'),
(676, 43, NULL, 'Keys and Locks Boolean Logic', NULL, 'Keys_and_Locks_Boolean_Logic-676', 'Keys_and_Locks_Boolean_Logic-676'),
(677, 43, NULL, 'Mind the Gap', NULL, 'Mind_the_Gap-677', 'Mind_the_Gap-677'),
(678, 43, NULL, 'Nunchucks Shop', NULL, 'Nunchucks_Shop-678', 'Nunchucks_Shop-678'),
(679, 44, NULL, 'The ABCD Murderer', NULL, 'The_ABCD_Murderer-679', 'The_ABCD_Murderer-679'),
(680, 44, NULL, 'The Bridge on the River Kawaii', NULL, 'The_Bridge_on_the_River_Kawaii-680', 'The_Bridge_on_the_River_Kawaii-680'),
(681, 44, NULL, 'Clockwork ||ange', NULL, 'Clockwork_ange-681', 'Clockwork_ange-681'),
(682, 44, NULL, 'Reservoir Dog', NULL, 'Reservoir_Dog-682', 'Reservoir_Dog-682'),
(683, 44, NULL, 'Trees Gump', NULL, 'Trees_Gump-683', 'Trees_Gump-683'),
(684, 44, NULL, 'Incredible Hull', NULL, 'Incredible_Hull-684', 'Incredible_Hull-684'),
(685, 44, NULL, 'Shooter Island', NULL, 'Shooter_Island-685', 'Shooter_Island-685'),
(686, 44, NULL, 'Cylinder', NULL, 'Cylinder-686', 'Cylinder-686'),
(687, 44, NULL, 'The Silence of the Lamps', NULL, 'The_Silence_of_the_Lamps-687', 'The_Silence_of_the_Lamps-687'),
(688, 44, NULL, 'Matrice', NULL, 'Matrice-688', 'Matrice-688'),
(689, 44, NULL, 'Inequality', NULL, 'Inequality-689', 'Inequality-689'),
(690, 44, NULL, 'Game of Stones', NULL, 'Game_of_Stones-690', 'Game_of_Stones-690'),
(691, 44, NULL, 'Find the Cow', NULL, 'Find_the_Cow-691', 'Find_the_Cow-691'),
(692, 44, NULL, 'Hotel Booking', NULL, 'Hotel_Booking-692', 'Hotel_Booking-692'),
(693, 44, NULL, 'The Lord of the Kings', NULL, 'The_Lord_of_the_Kings-693', 'The_Lord_of_the_Kings-693'),
(694, 44, NULL, 'Mirrority Report', NULL, 'Mirrority_Report-694', 'Mirrority_Report-694'),
(695, 1, NULL, 'Apprentice Learning Trajectory', NULL, 'Apprentice_Learning_Trajectory-695', 'Apprentice_Learning_Trajectory-695'),
(696, 1, NULL, 'Balls of Buma', NULL, 'Balls_of_Buma-696', 'Balls_of_Buma-696'),
(697, 1, NULL, 'Cactus Revenge', NULL, 'Cactus_Revenge-697', 'Cactus_Revenge-697'),
(698, 1, NULL, 'DevOps Best Practices', NULL, 'DevOps_Best_Practices-698', 'DevOps_Best_Practices-698'),
(699, 1, NULL, 'Elections', NULL, 'Elections-699', 'Elections-699'),
(700, 1, NULL, 'Foolpruf Security', NULL, 'Foolpruf_Security-700', 'Foolpruf_Security-700'),
(701, 1, NULL, 'Game Relics', NULL, 'Game_Relics-701', 'Game_Relics-701'),
(702, 1, NULL, 'Help BerLine', NULL, 'Help_BerLine-702', 'Help_BerLine-702'),
(703, 1, NULL, 'Intriguing Selection', NULL, 'Intriguing_Selection-703', 'Intriguing_Selection-703'),
(704, 1, NULL, 'Just Arrange the Icons', NULL, 'Just_Arrange_the_Icons-704', 'Just_Arrange_the_Icons-704'),
(705, 1, NULL, 'Key Storage', NULL, 'Key_Storage-705', 'Key_Storage-705'),
(706, 1, NULL, 'Lexicography', NULL, 'Lexicography-706', 'Lexicography-706'),
(707, 1, NULL, 'Lost', NULL, 'Lost-707', 'Lost-707'),
(708, 1, NULL, 'Name Tag', NULL, 'Name_Tag-708', 'Name_Tag-708'),
(709, 1, NULL, 'Radio Prizes', NULL, 'Radio_Prizes-709', 'Radio_Prizes-709'),
(710, 1, NULL, 'Presidential Security', NULL, 'Presidential_Security-710', 'Presidential_Security-710'),
(711, 45, NULL, 'Dwarves', NULL, 'Dwarves-711', 'Dwarves-711'),
(712, 45, NULL, 'Correcting Cheeseburgers', NULL, 'Correcting_Cheeseburgers-712', 'Correcting_Cheeseburgers-712'),
(713, 45, NULL, 'Knapsack in a Globalized World', NULL, 'Knapsack_in_a_Globalized_World-713', 'Knapsack_in_a_Globalized_World-713'),
(714, 45, NULL, 'Matrix Cypher', NULL, 'Matrix_Cypher-714', 'Matrix_Cypher-714'),
(715, 45, NULL, 'Model Railroad', NULL, 'Model_Railroad-715', 'Model_Railroad-715'),
(716, 45, NULL, 'One-Way Roads', NULL, 'One-Way_Roads-716', 'One-Way_Roads-716'),
(717, 45, NULL, 'Formula', NULL, 'Formula-717', 'Formula-717'),
(718, 45, NULL, 'Celestial Map', NULL, 'Celestial_Map-718', 'Celestial_Map-718'),
(719, 45, NULL, 'Common Knowledge', NULL, 'Common_Knowledge-719', 'Common_Knowledge-719'),
(720, 45, NULL, 'Selling CPUs', NULL, 'Selling_CPUs-720', 'Selling_CPUs-720'),
(721, 45, NULL, 'Routing', NULL, 'Routing-721', 'Routing-721'),
(722, 45, NULL, 'Maze', NULL, 'Maze-722', 'Maze-722'),
(723, 1, NULL, 'ABB', NULL, 'ABB-723', 'ABB-723'),
(724, 1, NULL, 'Be Geeks!', NULL, 'Be_Geeks-724', 'Be_Geeks-724'),
(725, 1, NULL, 'Bob in Wonderland', NULL, 'Bob_in_Wonderland-725', 'Bob_in_Wonderland-725'),
(726, 1, NULL, 'Sleeping Cows', NULL, 'Sleeping_Cows-726', 'Sleeping_Cows-726'),
(727, 1, NULL, 'Deep800080', NULL, 'Deep800080-727', 'Deep800080-727'),
(728, 1, NULL, 'Zeldain Garden', NULL, 'Zeldain_Garden-728', 'Zeldain_Garden-728'),
(729, 1, NULL, 'Light Emitting Hindenburg', NULL, 'Light_Emitting_Hindenburg-729', 'Light_Emitting_Hindenburg-729'),
(730, 1, NULL, 'K==S', NULL, 'K==S-730', 'K==S-730'),
(731, 1, NULL, 'Ponk Warshall', NULL, 'Ponk_Warshall-731', 'Ponk_Warshall-731'),
(732, 1, NULL, 'Saba1000kg', NULL, 'Saba1000kg-732', 'Saba1000kg-732'),
(733, 1, NULL, 'Screamers in the Storm', NULL, 'Screamers_in_the_Storm-733', 'Screamers_in_the_Storm-733'),
(734, 1, NULL, 'The Bugs', NULL, 'The_Bugs-734', 'The_Bugs-734'),
(735, 1, NULL, 'Cowmistry', NULL, 'Cowmistry-735', 'Cowmistry-735'),
(736, 1, NULL, 'Bidirectional Code', NULL, 'Bidirectional_Code-736', 'Bidirectional_Code-736'),
(737, 1, NULL, 'Corrupt Judge', NULL, 'Corrupt_Judge-737', 'Corrupt_Judge-737'),
(738, 1, NULL, 'Cloud computing', NULL, 'Cloud_computing-738', 'Cloud_computing-738'),
(739, 1, NULL, 'Elevator Pitch', NULL, 'Elevator_Pitch-739', 'Elevator_Pitch-739'),
(740, 1, NULL, 'Family Fares', NULL, 'Family_Fares-740', 'Family_Fares-740'),
(741, 1, NULL, 'Generators', NULL, 'Generators-741', 'Generators-741'),
(742, 1, NULL, 'Global Warming', NULL, 'Global_Warming-742', 'Global_Warming-742'),
(743, 1, NULL, 'Incomplete Sort', NULL, 'Incomplete_Sort-743', 'Incomplete_Sort-743'),
(744, 1, NULL, 'Jigsaw', NULL, 'Jigsaw-744', 'Jigsaw-744'),
(745, 1, NULL, 'Kleptocrat', NULL, 'Kleptocrat-745', 'Kleptocrat-745'),
(746, 1, NULL, 'Lost Map', NULL, 'Lost_Map-746', 'Lost_Map-746'),
(747, 1, NULL, 'Lottery', NULL, 'Lottery-747', 'Lottery-747'),
(748, 1, NULL, 'Toys', NULL, 'Toys-748', 'Toys-748'),
(749, 1, NULL, 'Amusement Anticipation', NULL, 'Amusement_Anticipation-749', 'Amusement_Anticipation-749'),
(750, 1, NULL, 'Pond Cascade', NULL, 'Pond_Cascade-750', 'Pond_Cascade-750'),
(751, 1, NULL, 'Chessboard Dancing', NULL, 'Chessboard_Dancing-751', 'Chessboard_Dancing-751'),
(752, 1, NULL, 'Equinox Roller Coaster', NULL, 'Equinox_Roller_Coaster-752', 'Equinox_Roller_Coaster-752'),
(753, 1, NULL, 'Forest Picture', NULL, 'Forest_Picture-753', 'Forest_Picture-753'),
(754, 1, NULL, 'Shooting Gallery', NULL, 'Shooting_Gallery-754', 'Shooting_Gallery-754'),
(755, 1, NULL, 'Ice Cream Samples', NULL, 'Ice_Cream_Samples-755', 'Ice_Cream_Samples-755'),
(756, 1, NULL, 'Dark Ride with Monsters', NULL, 'Dark_Ride_with_Monsters-756', 'Dark_Ride_with_Monsters-756'),
(757, 1, NULL, 'Go Northwest!', NULL, 'Go_Northwest-757', 'Go_Northwest-757'),
(758, 1, NULL, 'Punching Power', NULL, 'Punching_Power-758', 'Punching_Power-758'),
(759, 1, NULL, 'Treetop Walkway', NULL, 'Treetop_Walkway-759', 'Treetop_Walkway-759'),
(760, 1, NULL, 'Building Skyscrapers', NULL, 'Building_Skyscrapers-760', 'Building_Skyscrapers-760'),
(761, 1, NULL, 'Magic Tree', NULL, 'Magic_Tree-761', 'Magic_Tree-761'),
(762, 1, NULL, 'Scissors and Tape', NULL, 'Scissors_and_Tape-762', 'Scissors_and_Tape-762'),
(763, 1, NULL, 'Fibonacci', NULL, 'Fibonacci-763', 'Fibonacci-763'),
(764, 46, NULL, 'Stained Carpet', NULL, 'Stained_Carpet-764', 'Stained_Carpet-764'),
(765, 46, NULL, 'Gold Leaf', NULL, 'Gold_Leaf-765', 'Gold_Leaf-765'),
(766, 46, NULL, 'Hill Number', NULL, 'Hill_Number-766', 'Hill_Number-766'),
(767, 46, NULL, 'Knight Moves', NULL, 'Knight_Moves-767', 'Knight_Moves-767'),
(768, 46, NULL, 'Marble Madness', NULL, 'Marble_Madness-768', 'Marble_Madness-768'),
(769, 46, NULL, 'Polling', NULL, 'Polling-769', 'Polling-769'),
(770, 46, NULL, 'Runes', NULL, 'Runes-770', 'Runes-770'),
(771, 46, NULL, 'Shuffles', NULL, 'Shuffles-771', 'Shuffles-771'),
(772, 46, NULL, 'Top 25', NULL, 'Top_25-772', 'Top_25-772'),
(773, 46, NULL, 'Alchemy', NULL, 'Alchemy-773', 'Alchemy-773'),
(774, 46, NULL, 'Containment', NULL, 'Containment-774', 'Containment-774'),
(775, 46, NULL, 'Stamp Stamp', NULL, 'Stamp_Stamp-775', 'Stamp_Stamp-775'),
(776, 46, NULL, 'Word Ladder', NULL, 'Word_Ladder-776', 'Word_Ladder-776'),
(777, 1, NULL, 'Welcome Party', NULL, 'Welcome_Party-777', 'Welcome_Party-777'),
(778, 1, NULL, 'Round Robin', NULL, 'Round_Robin-778', 'Round_Robin-778'),
(779, 1, NULL, 'Assigning Workstations', NULL, 'Assigning_Workstations-779', 'Assigning_Workstations-779'),
(780, 1, NULL, 'Missing Pages', NULL, 'Missing_Pages-780', 'Missing_Pages-780'),
(781, 1, NULL, 'Probability Paradox', NULL, 'Probability_Paradox-781', 'Probability_Paradox-781'),
(782, 1, NULL, 'Identifying Map Tiles', NULL, 'Identifying_Map_Tiles-782', 'Identifying_Map_Tiles-782'),
(783, 1, NULL, 'Letter Cubes', NULL, 'Letter_Cubes-783', 'Letter_Cubes-783'),
(784, 1, NULL, 'Digit Sum', NULL, 'Digit_Sum-784', 'Digit_Sum-784'),
(785, 1, NULL, 'Jumbled Communication', NULL, 'Jumbled_Communication-785', 'Jumbled_Communication-785'),
(786, 1, NULL, 'Cash Cow', NULL, 'Cash_Cow-786', 'Cash_Cow-786'),
(787, 1, NULL, 'Sort Me', NULL, 'Sort_Me-787', 'Sort_Me-787'),
(788, 1, NULL, 'Better Productivity', NULL, 'Better_Productivity-788', 'Better_Productivity-788'),
(789, 1, NULL, 'Cleaning Pipes', NULL, 'Cleaning_Pipes-789', 'Cleaning_Pipes-789'),
(790, 1, NULL, 'Debugging', NULL, 'Debugging-790', 'Debugging-790'),
(791, 1, NULL, 'Elementary Math', NULL, 'Elementary_Math-791', 'Elementary_Math-791'),
(792, 1, NULL, 'Flight Plan Evaluation', NULL, 'Flight_Plan_Evaluation-792', 'Flight_Plan_Evaluation-792'),
(793, 1, NULL, 'Guessing Camels', NULL, 'Guessing_Camels-793', 'Guessing_Camels-793'),
(794, 1, NULL, 'Hole in One', NULL, 'Hole_in_One-794', 'Hole_in_One-794'),
(795, 1, NULL, 'Kitchen Combinatorics', NULL, 'Kitchen_Combinatorics-795', 'Kitchen_Combinatorics-795'),
(796, 1, NULL, 'ACM Contest Scoring', NULL, 'ACM_Contest_Scoring-796', 'ACM_Contest_Scoring-796'),
(797, 1, NULL, 'The Agglomerator', NULL, 'The_Agglomerator-797', 'The_Agglomerator-797'),
(798, 1, NULL, 'Dance Recital', NULL, 'Dance_Recital-798', 'Dance_Recital-798'),
(799, 1, NULL, 'Hidden Password', NULL, 'Hidden_Password-799', 'Hidden_Password-799'),
(800, 1, NULL, 'Kitchen Measurements', NULL, 'Kitchen_Measurements-800', 'Kitchen_Measurements-800'),
(801, 1, NULL, 'Line Them Up', NULL, 'Line_Them_Up-801', 'Line_Them_Up-801'),
(802, 1, NULL, 'Pyro Tubes', NULL, 'Pyro_Tubes-802', 'Pyro_Tubes-802'),
(803, 1, NULL, 'Word Clouds Revisited', NULL, 'Word_Clouds_Revisited-803', 'Word_Clouds_Revisited-803'),
(804, 1, NULL, 'Dice Cup', NULL, 'Dice_Cup-804', 'Dice_Cup-804'),
(805, 1, NULL, 'Wooden Signs', NULL, 'Wooden_Signs-805', 'Wooden_Signs-805'),
(806, 1, NULL, 'Sheldon Numbers', NULL, 'Sheldon_Numbers-806', 'Sheldon_Numbers-806'),
(807, 1, NULL, 'Saint John Festival', NULL, 'Saint_John_Festival-807', 'Saint_John_Festival-807'),
(808, 1, NULL, 'Promotions', NULL, 'Promotions-808', 'Promotions-808'),
(809, 1, NULL, 'Black Vienna', NULL, 'Black_Vienna-809', 'Black_Vienna-809'),
(810, 1, NULL, 'Canvas Painting', NULL, 'Canvas_Painting-810', 'Canvas_Painting-810'),
(811, 1, NULL, 'Landscaping', NULL, 'Landscaping-811', 'Landscaping-811'),
(812, 1, NULL, 'Game of Cards', NULL, 'Game_of_Cards-812', 'Game_of_Cards-812'),
(813, 1, NULL, 'Text Processor', NULL, 'Text_Processor-813', 'Text_Processor-813'),
(814, 1, NULL, 'Balloons', NULL, 'Balloons-814', 'Balloons-814'),
(815, 1, NULL, 'Bit Counting', NULL, 'Bit_Counting-815', 'Bit_Counting-815'),
(816, 1, NULL, 'Data Recovery', NULL, 'Data_Recovery-816', 'Data_Recovery-816'),
(817, 1, NULL, 'Equal Angles', NULL, 'Equal_Angles-817', 'Equal_Angles-817'),
(818, 1, NULL, 'Maximum Square', NULL, 'Maximum_Square-818', 'Maximum_Square-818'),
(819, 1, NULL, 'Palindrometer', NULL, 'Palindrometer-819', 'Palindrometer-819'),
(820, 1, NULL, 'Profits', NULL, 'Profits-820', 'Profits-820'),
(821, 1, NULL, 'Roller Coaster', NULL, 'Roller_Coaster-821', 'Roller_Coaster-821'),
(822, 1, NULL, 'Skyline', NULL, 'Skyline-822', 'Skyline-822'),
(823, 1, NULL, 'Underground Cables', NULL, 'Underground_Cables-823', 'Underground_Cables-823'),
(824, 1, NULL, 'Banks', NULL, 'Banks-824', 'Banks-824'),
(825, 1, NULL, 'Frame', NULL, 'Frame-825', 'Frame-825'),
(826, 1, NULL, 'Triples', NULL, 'Triples-826', 'Triples-826'),
(827, 1, NULL, 'Circle of digits', NULL, 'Circle_of_digits-827', 'Circle_of_digits-827'),
(828, 1, NULL, 'UFO', NULL, 'UFO-828', 'UFO-828'),
(829, 1, NULL, 'Most Influential Pumpkin', NULL, 'Most_Influential_Pumpkin-829', 'Most_Influential_Pumpkin-829'),
(830, 1, NULL, 'Grammar', NULL, 'Grammar-830', 'Grammar-830'),
(831, 1, NULL, 'Multi-Machine Scheduling of Two Applications', NULL, 'Multi-Machine_Scheduling_of_Two_Applications-831', 'Multi-Machine_Scheduling_of_Two_Applications-831'),
(832, 1, NULL, 'Strange Antennas', NULL, 'Strange_Antennas-832', 'Strange_Antennas-832'),
(833, 47, NULL, 'Even and Odd', NULL, 'Even_and_Odd-833', 'Even_and_Odd-833'),
(834, 47, NULL, 'Coloring Contention', NULL, 'Coloring_Contention-834', 'Coloring_Contention-834'),
(835, 47, NULL, 'Dividing by Two', NULL, 'Dividing_by_Two-835', 'Dividing_by_Two-835'),
(836, 47, NULL, 'Speeding', NULL, 'Speeding-836', 'Speeding-836'),
(837, 47, NULL, 'Glow, Little Pixel, Glow', NULL, 'Glow_Little_Pixel_Glow-837', 'Glow_Little_Pixel_Glow-837'),
(838, 47, NULL, 'Issuing Plates', NULL, 'Issuing_Plates-838', 'Issuing_Plates-838'),
(839, 47, NULL, 'Correcting Keats', NULL, 'Correcting_Keats-839', 'Correcting_Keats-839'),
(840, 47, NULL, 'Black and White', NULL, 'Black_and_White-840', 'Black_and_White-840'),
(841, 47, NULL, 'Remorse', NULL, 'Remorse-841', 'Remorse-841'),
(842, 47, NULL, 'Carry Cam Failure', NULL, 'Carry_Cam_Failure-842', 'Carry_Cam_Failure-842'),
(843, 47, NULL, 'Maze Connect', NULL, 'Maze_Connect-843', 'Maze_Connect-843'),
(844, 48, NULL, 'Appearance Analysis', NULL, 'Appearance_Analysis-844', 'Appearance_Analysis-844'),
(845, 48, NULL, 'Bipartite Blanket', NULL, 'Bipartite_Blanket-845', 'Bipartite_Blanket-845'),
(846, 48, NULL, 'Convex Contour', NULL, 'Convex_Contour-846', 'Convex_Contour-846'),
(847, 48, NULL, 'Dancing Disks', NULL, 'Dancing_Disks-847', 'Dancing_Disks-847'),
(848, 48, NULL, 'Easy Equation', NULL, 'Easy_Equation-848', 'Easy_Equation-848'),
(849, 48, NULL, 'Free Figurines', NULL, 'Free_Figurines-849', 'Free_Figurines-849'),
(850, 48, NULL, 'Geohash Grid', NULL, 'Geohash_Grid-850', 'Geohash_Grid-850'),
(851, 48, NULL, 'Hangar Hurdles', NULL, 'Hangar_Hurdles-851', 'Hangar_Hurdles-851'),
(852, 48, NULL, 'Invisible Integers', NULL, 'Invisible_Integers-852', 'Invisible_Integers-852'),
(853, 48, NULL, 'Jazz Journey', NULL, 'Jazz_Journey-853', 'Jazz_Journey-853'),
(854, 48, NULL, 'Key Knocking', NULL, 'Key_Knocking-854', 'Key_Knocking-854'),
(855, 48, NULL, 'Lost Logic', NULL, 'Lost_Logic-855', 'Lost_Logic-855'),
(856, 49, NULL, 'All about that base', NULL, 'All_about_that_base-856', 'All_about_that_base-856'),
(857, 49, NULL, 'Bobby\'s Bet', NULL, 'Bobbys_Bet-857', 'Bobbys_Bet-857'),
(858, 49, NULL, 'Cantina of Babel', NULL, 'Cantina_of_Babel-858', 'Cantina_of_Babel-858'),
(859, 49, NULL, 'Circuit Counting', NULL, 'Circuit_Counting-859', 'Circuit_Counting-859'),
(860, 49, NULL, 'Cutting Brownies', NULL, 'Cutting_Brownies-860', 'Cutting_Brownies-860'),
(861, 49, NULL, 'Quick Brown Fox', NULL, 'Quick_Brown_Fox-861', 'Quick_Brown_Fox-861'),
(862, 49, NULL, 'Safe Passage', NULL, 'Safe_Passage-862', 'Safe_Passage-862'),
(863, 49, NULL, 'Secret Message', NULL, 'Secret_Message-863', 'Secret_Message-863'),
(864, 49, NULL, 'Simon Says', NULL, 'Simon_Says-864', 'Simon_Says-864'),
(865, 49, NULL, 'Torn To Pieces', NULL, 'Torn_To_Pieces-865', 'Torn_To_Pieces-865'),
(866, 49, NULL, 'UnDetected', NULL, 'UnDetected-866', 'UnDetected-866'),
(867, 50, NULL, 'Die', NULL, 'Die-867', 'Die-867'),
(868, 50, NULL, 'Escalators', NULL, 'Escalators-868', 'Escalators-868'),
(869, 50, NULL, 'Moving Furniture', NULL, 'Moving_Furniture-869', 'Moving_Furniture-869'),
(870, 50, NULL, 'Split Game', NULL, 'Split_Game-870', 'Split_Game-870'),
(871, 50, NULL, 'Horsemeet', NULL, 'Horsemeet-871', 'Horsemeet-871'),
(872, 50, NULL, 'Lighting', NULL, 'Lighting-872', 'Lighting-872'),
(873, 50, NULL, 'Locker Room', NULL, 'Locker_Room-873', 'Locker_Room-873'),
(874, 50, NULL, 'Numbers Generator', NULL, 'Numbers_Generator-874', 'Numbers_Generator-874'),
(875, 50, NULL, 'Rullete', NULL, 'Rullete-875', 'Rullete-875'),
(876, 50, NULL, 'Security Guards', NULL, 'Security_Guards-876', 'Security_Guards-876'),
(877, 51, NULL, 'Hilbert Sort', NULL, 'Hilbert_Sort-877', 'Hilbert_Sort-877'),
(878, 51, NULL, 'Simplicity', NULL, 'Simplicity-878', 'Simplicity-878'),
(879, 52, NULL, 'Alex Origami Squares', NULL, 'Alex_Origami_Squares-879', 'Alex_Origami_Squares-879'),
(880, 52, NULL, 'Concatenation', NULL, 'Concatenation-880', 'Concatenation-880'),
(881, 52, NULL, 'Distribution in Metagonia', NULL, 'Distribution_in_Metagonia-881', 'Distribution_in_Metagonia-881'),
(882, 52, NULL, 'Easy Arithmetic', NULL, 'Easy_Arithmetic-882', 'Easy_Arithmetic-882'),
(883, 52, NULL, 'Fygon', NULL, 'Fygon-883', 'Fygon-883'),
(884, 52, NULL, 'Graph', NULL, 'Graph-884', 'Graph-884'),
(885, 52, NULL, 'Hash Code Hacker', NULL, 'Hash_Code_Hacker-885', 'Hash_Code_Hacker-885'),
(886, 52, NULL, 'Insider\'s Information', NULL, 'Insiders_Information-886', 'Insiders_Information-886'),
(887, 52, NULL, 'Journey to the \"The World\'s Start\"', NULL, 'Journey_to_the_The_Worlds_Start-887', 'Journey_to_the_The_Worlds_Start-887'),
(888, 52, NULL, 'Kingdom Trip', NULL, 'Kingdom_Trip-888', 'Kingdom_Trip-888'),
(889, 52, NULL, 'Lucky Chances', NULL, 'Lucky_Chances-889', 'Lucky_Chances-889'),
(890, 1, NULL, 'Blast-a-mon Battle Plan', NULL, 'Blast-a-mon_Battle_Plan-890', 'Blast-a-mon_Battle_Plan-890'),
(891, 1, NULL, 'Bunnies', NULL, 'Bunnies-891', 'Bunnies-891'),
(892, 1, NULL, 'Candy Store', NULL, 'Candy_Store-892', 'Candy_Store-892'),
(893, 1, NULL, 'Human Cannonball Run', NULL, 'Human_Cannonball_Run-893', 'Human_Cannonball_Run-893'),
(894, 1, NULL, 'COW', NULL, 'COW-894', 'COW-894'),
(895, 1, NULL, 'Guessing Game', NULL, 'Guessing_Game-895', 'Guessing_Game-895'),
(896, 1, NULL, 'Best Schedule', NULL, 'Best_Schedule-896', 'Best_Schedule-896'),
(897, 1, NULL, 'Blooscreins of Death', NULL, 'Blooscreins_of_Death-897', 'Blooscreins_of_Death-897'),
(898, 1, NULL, 'Universe in the Cupboard', NULL, 'Universe_in_the_Cupboard-898', 'Universe_in_the_Cupboard-898'),
(899, 1, NULL, 'Air Strike', NULL, 'Air_Strike-899', 'Air_Strike-899'),
(900, 53, NULL, 'Three Squares', NULL, 'Three_Squares-900', 'Three_Squares-900'),
(901, 53, NULL, 'Favorite music', NULL, 'Favorite_music-901', 'Favorite_music-901'),
(902, 53, NULL, 'Reading Digits', NULL, 'Reading_Digits-902', 'Reading_Digits-902'),
(903, 53, NULL, 'Letters', NULL, 'Letters-903', 'Letters-903'),
(904, 53, NULL, 'Pokemons', NULL, 'Pokemons-904', 'Pokemons-904'),
(905, 53, NULL, 'Pub crawl', NULL, 'Pub_crawl-905', 'Pub_crawl-905'),
(906, 53, NULL, 'Cubes', NULL, 'Cubes-906', 'Cubes-906'),
(907, 53, NULL, 'Marathon', NULL, 'Marathon-907', 'Marathon-907'),
(908, 53, NULL, 'Cutting', NULL, 'Cutting-908', 'Cutting-908'),
(909, 1, NULL, 'Bonus Points', NULL, 'Bonus_Points-909', 'Bonus_Points-909'),
(910, 1, NULL, 'He Got the Box!', NULL, 'He_Got_the_Box-910', 'He_Got_the_Box-910'),
(911, 1, NULL, 'Ground Game', NULL, 'Ground_Game-911', 'Ground_Game-911'),
(912, 1, NULL, 'Igloo Construction', NULL, 'Igloo_Construction-912', 'Igloo_Construction-912'),
(913, 1, NULL, 'N Queens', NULL, 'N_Queens-913', 'N_Queens-913'),
(914, 1, NULL, 'Number of Ways to Make Change', NULL, 'Number_of_Ways_to_Make_Change-914', 'Number_of_Ways_to_Make_Change-914'),
(915, 1, NULL, 'Toga Party', NULL, 'Toga_Party-915', 'Toga_Party-915'),
(916, 1, NULL, 'Railroad', NULL, 'Railroad-916', 'Railroad-916'),
(917, 1, NULL, 'N-RookKnight', NULL, 'N-RookKnight-917', 'N-RookKnight-917'),
(918, 1, NULL, 'Stick Splitting', NULL, 'Stick_Splitting-918', 'Stick_Splitting-918'),
(919, 1, NULL, 'Treehouses', NULL, 'Treehouses-919', 'Treehouses-919'),
(920, 1, NULL, 'Amusement Park', NULL, 'Amusement_Park-920', 'Amusement_Park-920'),
(921, 1, NULL, 'Cops and Robbers', NULL, 'Cops_and_Robbers-921', 'Cops_and_Robbers-921'),
(922, 1, NULL, 'Poker Hand', NULL, 'Poker_Hand-922', 'Poker_Hand-922'),
(923, 1, NULL, 'Coprime Integers', NULL, 'Coprime_Integers-923', 'Coprime_Integers-923'),
(924, 1, NULL, 'Cubeword', NULL, 'Cubeword-924', 'Cubeword-924'),
(925, 1, NULL, 'Dynamic Diameter', NULL, 'Dynamic_Diameter-925', 'Dynamic_Diameter-925'),
(926, 1, NULL, 'Heir\'s Dilemma', NULL, 'Heirs_Dilemma-926', 'Heirs_Dilemma-926'),
(927, 1, NULL, 'Random Manhattan Distance', NULL, 'Random_Manhattan_Distance-927', 'Random_Manhattan_Distance-927'),
(928, 1, NULL, 'Tower Defense', NULL, 'Tower_Defense-928', 'Tower_Defense-928'),
(929, 1, NULL, 'Repeated Substrings', NULL, 'Repeated_Substrings-929', 'Repeated_Substrings-929'),
(930, 1, NULL, 'Bill and Ted\'s Shortest Adventure', NULL, 'Bill_and_Teds_Shortest_Adventure-930', 'Bill_and_Teds_Shortest_Adventure-930'),
(931, 1, NULL, 'Centers of Primes', NULL, 'Centers_of_Primes-931', 'Centers_of_Primes-931'),
(932, 1, NULL, 'Chess Paladin', NULL, 'Chess_Paladin-932', 'Chess_Paladin-932'),
(933, 1, NULL, 'Counting Vowels', NULL, 'Counting_Vowels-933', 'Counting_Vowels-933'),
(934, 1, NULL, 'Counting Sequences', NULL, 'Counting_Sequences-934', 'Counting_Sequences-934'),
(935, 1, NULL, 'Permutation Pairs', NULL, 'Permutation_Pairs-935', 'Permutation_Pairs-935'),
(936, 1, NULL, 'Traffic Terrors', NULL, 'Traffic_Terrors-936', 'Traffic_Terrors-936'),
(937, 1, NULL, 'Twelve Years a Slave', NULL, 'Twelve_Years_a_Slave-937', 'Twelve_Years_a_Slave-937'),
(938, 54, NULL, 'Alarm Clock', NULL, 'Alarm_Clock-938', 'Alarm_Clock-938'),
(939, 54, NULL, 'Buffcraft', NULL, 'Buffcraft-939', 'Buffcraft-939'),
(940, 54, NULL, 'Combinator Expression', NULL, 'Combinator_Expression-940', 'Combinator_Expression-940'),
(941, 54, NULL, 'Expression', NULL, 'Expression-941', 'Expression-941'),
(942, 54, NULL, 'Fragmentation', NULL, 'Fragmentation-942', 'Fragmentation-942'),
(943, 54, NULL, 'Grave', NULL, 'Grave-943', 'Grave-943'),
(944, 54, NULL, 'Hiking in the Hills', NULL, 'Hiking_in_the_Hills-944', 'Hiking_in_the_Hills-944'),
(945, 54, NULL, 'Instruction', NULL, 'Instruction-945', 'Instruction-945'),
(946, 54, NULL, 'Joy of Flight', NULL, 'Joy_of_Flight-946', 'Joy_of_Flight-946'),
(947, 54, NULL, 'Kebab House', NULL, 'Kebab_House-947', 'Kebab_House-947'),
(948, 1, NULL, 'Ant Tunneling', NULL, 'Ant_Tunneling-948', 'Ant_Tunneling-948'),
(949, 1, NULL, 'Number of Factors', NULL, 'Number_of_Factors-949', 'Number_of_Factors-949'),
(950, 1, NULL, 'Family Tree', NULL, 'Family_Tree-950', 'Family_Tree-950'),
(951, 1, NULL, 'Enraged Fowl', NULL, 'Enraged_Fowl-951', 'Enraged_Fowl-951'),
(952, 1, NULL, 'Happy Sets', NULL, 'Happy_Sets-952', 'Happy_Sets-952'),
(953, 1, NULL, 'Get out of this Maze!', NULL, 'Get_out_of_this_Maze-953', 'Get_out_of_this_Maze-953'),
(954, 1, NULL, 'Come Minion!', NULL, 'Come_Minion-954', 'Come_Minion-954'),
(955, 1, NULL, 'Ordering Paper', NULL, 'Ordering_Paper-955', 'Ordering_Paper-955'),
(956, 1, NULL, 'Degrees of Separation', NULL, 'Degrees_of_Separation-956', 'Degrees_of_Separation-956'),
(957, 1, NULL, 'Arup\'s Steps', NULL, 'Arups_Steps-957', 'Arups_Steps-957'),
(958, 55, NULL, 'Arranging Hat', NULL, 'Arranging_Hat-958', 'Arranging_Hat-958'),
(959, 55, NULL, 'British Menu', NULL, 'British_Menu-959', 'British_Menu-959'),
(960, 55, NULL, 'Careful Ascent', NULL, 'Careful_Ascent-960', 'Careful_Ascent-960'),
(961, 55, NULL, 'Driving in Optimistan', NULL, 'Driving_in_Optimistan-961', 'Driving_in_Optimistan-961'),
(962, 55, NULL, 'Exam Redistribution', NULL, 'Exam_Redistribution-962', 'Exam_Redistribution-962'),
(963, 55, NULL, 'Free Weights', NULL, 'Free_Weights-963', 'Free_Weights-963'),
(964, 55, NULL, 'Gotta Nudge Em All', NULL, 'Gotta_Nudge_Em_All-964', 'Gotta_Nudge_Em_All-964'),
(965, 55, NULL, 'Hamiltonian Hypercube', NULL, 'Hamiltonian_Hypercube-965', 'Hamiltonian_Hypercube-965'),
(966, 55, NULL, 'Iron and Coal', NULL, 'Iron_and_Coal-966', 'Iron_and_Coal-966'),
(967, 55, NULL, 'Jupiter Orbiter', NULL, 'Jupiter_Orbiter-967', 'Jupiter_Orbiter-967'),
(968, 55, NULL, 'Kiwi Trees', NULL, 'Kiwi_Trees-968', 'Kiwi_Trees-968'),
(969, 1, NULL, 'Dallas Buyers\' Club', NULL, 'Dallas_Buyers_Club-969', 'Dallas_Buyers_Club-969'),
(970, 1, NULL, 'Jiminy\'s Jacuzzis', NULL, 'Jiminys_Jacuzzis-970', 'Jiminys_Jacuzzis-970'),
(971, 1, NULL, 'Linear Equation Solver', NULL, 'Linear_Equation_Solver-971', 'Linear_Equation_Solver-971'),
(972, 1, NULL, 'Busy Pirates', NULL, 'Busy_Pirates-972', 'Busy_Pirates-972'),
(973, 1, NULL, 'Treasure Island', NULL, 'Treasure_Island-973', 'Treasure_Island-973'),
(974, 1, NULL, 'Seating Arrangements', NULL, 'Seating_Arrangements-974', 'Seating_Arrangements-974'),
(975, 1, NULL, 'Adding Sequences', NULL, 'Adding_Sequences-975', 'Adding_Sequences-975'),
(976, 1, NULL, 'Mission: Unpossible', NULL, 'Mission_Unpossible-976', 'Mission_Unpossible-976'),
(977, 1, NULL, 'The Wolf of Wall Street', NULL, 'The_Wolf_of_Wall_Street-977', 'The_Wolf_of_Wall_Street-977'),
(978, 56, NULL, 'Appeal to the Audience', NULL, 'Appeal_to_the_Audience-978', 'Appeal_to_the_Audience-978'),
(979, 56, NULL, 'Breaking Branches', NULL, 'Breaking_Branches-979', 'Breaking_Branches-979'),
(980, 56, NULL, 'Conveyor Belts', NULL, 'Conveyor_Belts-980', 'Conveyor_Belts-980'),
(981, 56, NULL, 'Deck Randomisation', NULL, 'Deck_Randomisation-981', 'Deck_Randomisation-981'),
(982, 56, NULL, 'Efficient Exchange', NULL, 'Efficient_Exchange-982', 'Efficient_Exchange-982'),
(983, 56, NULL, 'Find my Family', NULL, 'Find_my_Family-983', 'Find_my_Family-983'),
(984, 56, NULL, 'Gluttonous Goop', NULL, 'Gluttonous_Goop-984', 'Gluttonous_Goop-984'),
(985, 56, NULL, 'Historic Exhibition', NULL, 'Historic_Exhibition-985', 'Historic_Exhibition-985'),
(986, 56, NULL, 'Inquiry II', NULL, 'Inquiry_II-986', 'Inquiry_II-986'),
(987, 56, NULL, 'Jazz it Up!', NULL, 'Jazz_it_Up-987', 'Jazz_it_Up-987'),
(988, 56, NULL, 'Keep Him Inside', NULL, 'Keep_Him_Inside-988', 'Keep_Him_Inside-988'),
(989, 56, NULL, 'Lucky Draw', NULL, 'Lucky_Draw-989', 'Lucky_Draw-989'),
(990, 1, NULL, 'Fantasy Baseball', NULL, 'Fantasy_Baseball-990', 'Fantasy_Baseball-990'),
(991, 1, NULL, 'Piece of Cake', NULL, 'Piece_of_Cake-991', 'Piece_of_Cake-991'),
(992, 1, NULL, 'Five Dollar Deal', NULL, 'Five_Dollar_Deal-992', 'Five_Dollar_Deal-992'),
(993, 1, NULL, 'Tautobots and Contradictions', NULL, 'Tautobots_and_Contradictions-993', 'Tautobots_and_Contradictions-993'),
(994, 1, NULL, 'Late Night Wake Up', NULL, 'Late_Night_Wake_Up-994', 'Late_Night_Wake_Up-994'),
(995, 1, NULL, 'Maximum Stock Return', NULL, 'Maximum_Stock_Return-995', 'Maximum_Stock_Return-995'),
(996, 1, NULL, 'Triangular Sums', NULL, 'Triangular_Sums-996', 'Triangular_Sums-996'),
(997, 1, NULL, 'Swan Boats', NULL, 'Swan_Boats-997', 'Swan_Boats-997'),
(998, 57, NULL, 'Assimilation', NULL, 'Assimilation-998', 'Assimilation-998'),
(999, 57, NULL, 'Little Worm', NULL, 'Little_Worm-999', 'Little_Worm-999'),
(1000, 57, NULL, 'The Great Drone Show', NULL, 'The_Great_Drone_Show-1000', 'The_Great_Drone_Show-1000'),
(1001, 57, NULL, 'Fantastic compression', NULL, 'Fantastic_compression-1001', 'Fantastic_compression-1001'),
(1002, 57, NULL, 'Bookstore', NULL, 'Bookstore-1002', 'Bookstore-1002'),
(1003, 57, NULL, 'Cheese Game', NULL, 'Cheese_Game-1003', 'Cheese_Game-1003'),
(1004, 57, NULL, 'Henry Porter and the Palindromic Radius', NULL, 'Henry_Porter_and_the_Palindromic_Radius-1004', 'Henry_Porter_and_the_Palindromic_Radius-1004'),
(1005, 57, NULL, 'Antennas', NULL, 'Antennas-1005', 'Antennas-1005'),
(1006, 57, NULL, 'Ghost', NULL, 'Ghost-1006', 'Ghost-1006'),
(1007, 57, NULL, 'Donuts', NULL, 'Donuts-1007', 'Donuts-1007'),
(1008, 1, NULL, 'Calculator Games', NULL, 'Calculator_Games-1008', 'Calculator_Games-1008'),
(1009, 1, NULL, 'Exact Change', NULL, 'Exact_Change-1009', 'Exact_Change-1009'),
(1010, 1, NULL, 'Driving in Circles', NULL, 'Driving_in_Circles-1010', 'Driving_in_Circles-1010'),
(1011, 1, NULL, 'Strings with Same Letters', NULL, 'Strings_with_Same_Letters-1011', 'Strings_with_Same_Letters-1011'),
(1012, 1, NULL, 'Push Button Lock', NULL, 'Push_Button_Lock-1012', 'Push_Button_Lock-1012'),
(1013, 1, NULL, 'Candy Combinations', NULL, 'Candy_Combinations-1013', 'Candy_Combinations-1013'),
(1014, 1, NULL, 'Shuffle\'m Up', NULL, 'Shufflem_Up-1014', 'Shufflem_Up-1014'),
(1015, 1, NULL, 'Upwards', NULL, 'Upwards-1015', 'Upwards-1015'),
(1016, 1, NULL, 'Jimmy\'s Perfect Vacation', NULL, 'Jimmys_Perfect_Vacation-1016', 'Jimmys_Perfect_Vacation-1016'),
(1017, 58, NULL, 'FYI', NULL, 'FYI-1017', 'FYI-1017'),
(1018, 58, NULL, 'Remdoku', NULL, 'Remdoku-1018', 'Remdoku-1018'),
(1019, 58, NULL, 'Pass the Buck', NULL, 'Pass_the_Buck-1019', 'Pass_the_Buck-1019'),
(1020, 58, NULL, 'Gerrymandering Criterion', NULL, 'Gerrymandering_Criterion-1020', 'Gerrymandering_Criterion-1020'),
(1021, 58, NULL, 'Circle Garden', NULL, 'Circle_Garden-1021', 'Circle_Garden-1021'),
(1022, 58, NULL, 'Origami Fold', NULL, 'Origami_Fold-1022', 'Origami_Fold-1022'),
(1023, 58, NULL, 'Simple Collatz Sequence', NULL, 'Simple_Collatz_Sequence-1023', 'Simple_Collatz_Sequence-1023'),
(1024, 58, NULL, 'Problematic Public Keys', NULL, 'Problematic_Public_Keys-1024', 'Problematic_Public_Keys-1024'),
(1025, 58, NULL, 'Integers in Rational Bases', NULL, 'Integers_in_Rational_Bases-1025', 'Integers_in_Rational_Bases-1025'),
(1026, 58, NULL, 'How Many Unicycles in a Wheel?', NULL, 'How_Many_Unicycles_in_a_Wheel-1026', 'How_Many_Unicycles_in_a_Wheel-1026'),
(1027, 58, NULL, 'Regional Team Names', NULL, 'Regional_Team_Names-1027', 'Regional_Team_Names-1027'),
(1028, 59, NULL, 'Arabic and English', NULL, 'None', 'None'),
(1029, 59, NULL, 'Between the Mountains', NULL, 'None', 'None'),
(1030, 59, NULL, 'Circleland', NULL, 'None', 'None'),
(1031, 59, NULL, 'Dice on a Board', NULL, 'None', 'None'),
(1032, 59, NULL, 'Error', NULL, 'None', 'None'),
(1033, 59, NULL, 'Fence', NULL, 'None', 'None'),
(1034, 59, NULL, 'Go', NULL, 'None', 'None'),
(1035, 59, NULL, 'Homework', NULL, 'None', 'None'),
(1036, 59, NULL, 'Identify the Number', NULL, 'None', 'None'),
(1037, 59, NULL, 'Joy of the Cylinder Game', NULL, 'None', 'None'),
(1038, 60, NULL, 'Succession', NULL, 'Succession-1038', 'Succession-1038'),
(1039, 60, NULL, 'Connect', NULL, 'Connect-1039', 'Connect-1039'),
(1040, 60, NULL, 'Borg Boogie', NULL, 'Borg_Boogie-1040', 'Borg_Boogie-1040'),
(1041, 60, NULL, 'Dirty Driving', NULL, 'Dirty_Driving-1041', 'Dirty_Driving-1041'),
(1042, 60, NULL, 'Doodling', NULL, 'Doodling-1042', 'Doodling-1042'),
(1043, 60, NULL, 'Help a PhD candidate out!', NULL, 'Help_a_PhD_candidate_out-1043', 'Help_a_PhD_candidate_out-1043'),
(1044, 60, NULL, 'Great Geek Game-show 3000!', NULL, 'Great_Geek_Game-show_3000-1044', 'Great_Geek_Game-show_3000-1044'),
(1045, 60, NULL, 'Polyomino Powers', NULL, 'Polyomino_Powers-1045', 'Polyomino_Powers-1045'),
(1046, 60, NULL, 'Statisticians', NULL, 'Statisticians-1046', 'Statisticians-1046'),
(1047, 60, NULL, 'Around the track', NULL, 'Around_the_track-1047', 'Around_the_track-1047'),
(1048, 1, NULL, 'Arthur', NULL, 'Arthur-1048', 'Arthur-1048'),
(1049, 1, NULL, 'Bad Voodoo', NULL, 'Bad_Voodoo-1049', 'Bad_Voodoo-1049'),
(1050, 1, NULL, 'Country', NULL, 'Country-1050', 'Country-1050'),
(1051, 1, NULL, 'Dominos', NULL, 'Dominos-1051', 'Dominos-1051'),
(1052, 1, NULL, 'Essay', NULL, 'Essay-1052', 'Essay-1052'),
(1053, 1, NULL, 'Full of Mischief', NULL, 'Full_of_Mischief-1053', 'Full_of_Mischief-1053'),
(1054, 1, NULL, 'Geppetto', NULL, 'Geppetto-1054', 'Geppetto-1054'),
(1055, 1, NULL, 'Hydrogen Laminate', NULL, 'Hydrogen_Laminate-1055', 'Hydrogen_Laminate-1055'),
(1056, 1, NULL, 'Integers', NULL, 'Integers-1056', 'Integers-1056'),
(1057, 1, NULL, 'Joker', NULL, 'Joker-1057', 'Joker-1057'),
(1058, 1, NULL, 'Keyboard', NULL, 'Keyboard-1058', 'Keyboard-1058'),
(1059, 1, NULL, 'Lodas', NULL, 'Lodas-1059', 'Lodas-1059'),
(1060, 61, NULL, 'Grandpa\'s Walk', NULL, 'Grandpas_Walk-1060', 'Grandpas_Walk-1060'),
(1061, 61, NULL, 'Let\'s Go Green', NULL, 'Lets_Go_Green-1061', 'Lets_Go_Green-1061'),
(1062, 61, NULL, 'Stop Growing!', NULL, 'Stop_Growing-1062', 'Stop_Growing-1062'),
(1063, 61, NULL, 'Retrenchment', NULL, 'Retrenchment-1063', 'Retrenchment-1063'),
(1064, 61, NULL, 'Bee Tower', NULL, 'Bee_Tower-1064', 'Bee_Tower-1064'),
(1065, 61, NULL, 'Knots', NULL, 'Knots-1065', 'Knots-1065'),
(1066, 61, NULL, 'Unique Path', NULL, 'Unique_Path-1066', 'Unique_Path-1066'),
(1067, 61, NULL, 'Alien Abduction', NULL, 'Alien_Abduction-1067', 'Alien_Abduction-1067'),
(1068, 61, NULL, 'Tiling', NULL, 'Tiling-1068', 'Tiling-1068'),
(1069, 61, NULL, 'Perfect Matching', NULL, 'Perfect_Matching-1069', 'Perfect_Matching-1069'),
(1070, 62, NULL, 'Strongly Connected Chemicals', NULL, 'Strongly_Connected_Chemicals-1070', 'Strongly_Connected_Chemicals-1070'),
(1071, 62, NULL, 'Confusion in the Problem Set', NULL, 'Confusion_in_the_Problem_Set-1071', 'Confusion_in_the_Problem_Set-1071'),
(1072, 62, NULL, 'LCM Extreme', NULL, 'LCM_Extreme-1072', 'LCM_Extreme-1072'),
(1073, 62, NULL, 'Tetromino', NULL, 'Tetromino-1073', 'Tetromino-1073'),
(1074, 62, NULL, 'Blade and Sword', NULL, 'Blade_and_Sword-1074', 'Blade_and_Sword-1074'),
(1075, 62, NULL, 'The Falling Circle', NULL, 'The_Falling_Circle-1075', 'The_Falling_Circle-1075'),
(1076, 62, NULL, 'My Visit to Spring Secret', NULL, 'My_Visit_to_Spring_Secret-1076', 'My_Visit_to_Spring_Secret-1076'),
(1077, 62, NULL, 'Scrabble', NULL, 'Scrabble-1077', 'Scrabble-1077'),
(1078, 62, NULL, 'An Average Game', NULL, 'An_Average_Game-1078', 'An_Average_Game-1078'),
(1079, 62, NULL, 'Permutation Counting', NULL, 'Permutation_Counting-1079', 'Permutation_Counting-1079'),
(1080, 63, NULL, 'Amazing Sushi', NULL, 'Amazing_Sushi-1080', 'Amazing_Sushi-1080'),
(1081, 63, NULL, 'Bubble Bucket Sort', NULL, 'Bubble_Bucket_Sort-1081', 'Bubble_Bucket_Sort-1081'),
(1082, 63, NULL, 'Cartography', NULL, 'Cartography-1082', 'Cartography-1082'),
(1083, 63, NULL, 'Divisionals Spelling', NULL, 'Divisionals_Spelling-1083', 'Divisionals_Spelling-1083'),
(1084, 63, NULL, 'Entering Rectangles', NULL, 'Entering_Rectangles-1084', 'Entering_Rectangles-1084'),
(1085, 63, NULL, 'Fabulous Photos', NULL, 'Fabulous_Photos-1085', 'Fabulous_Photos-1085'),
(1086, 63, NULL, 'Grid City', NULL, 'Grid_City-1086', 'Grid_City-1086'),
(1087, 63, NULL, 'Heroic Heist', NULL, 'Heroic_Heist-1087', 'Heroic_Heist-1087'),
(1088, 63, NULL, 'Iguana Instructions', NULL, 'Iguana_Instructions-1088', 'Iguana_Instructions-1088'),
(1089, 63, NULL, 'Jumping Junipers', NULL, 'Jumping_Junipers-1089', 'Jumping_Junipers-1089'),
(1090, 63, NULL, 'Karaoke Meetup', NULL, 'Karaoke_Meetup-1090', 'Karaoke_Meetup-1090'),
(1091, 1, NULL, 'Which Base is it Anyway?', NULL, 'Which_Base_is_it_Anyway-1091', 'Which_Base_is_it_Anyway-1091'),
(1092, 1, NULL, 'Level Up', NULL, 'Level_Up-1092', 'Level_Up-1092'),
(1093, 1, NULL, 'm-ary Partitions', NULL, 'm-ary_Partitions-1093', 'm-ary_Partitions-1093'),
(1094, 1, NULL, 'Cycle String?', NULL, 'Cycle_String-1094', 'Cycle_String-1094'),
(1095, 1, NULL, 'Life Transfer', NULL, 'Life_Transfer-1095', 'Life_Transfer-1095'),
(1096, 1, NULL, 'Game on a Tree', NULL, 'Game_on_a_Tree-1096', 'Game_on_a_Tree-1096'),
(1097, 1, NULL, 'Projection', NULL, 'Projection-1097', 'Projection-1097'),
(1098, 1, NULL, 'DA-Sort', NULL, 'DA-Sort-1098', 'DA-Sort-1098'),
(1099, 1, NULL, 'Absolute Game', NULL, 'Absolute_Game-1099', 'Absolute_Game-1099'),
(1100, 1, NULL, 'Graph and Cycles', NULL, 'Graph_and_Cycles-1100', 'Graph_and_Cycles-1100'),
(1101, 64, NULL, 'Max or Min', NULL, 'Max_or_Min-1101', 'Max_or_Min-1101'),
(1102, 64, NULL, 'Find the Array', NULL, 'Find_the_Array-1102', 'Find_the_Array-1102'),
(1103, 64, NULL, 'Tree Permutations', NULL, 'Tree_Permutations-1103', 'Tree_Permutations-1103'),
(1104, 64, NULL, 'Stranded Robot', NULL, 'Stranded_Robot-1104', 'Stranded_Robot-1104'),
(1105, 1, NULL, 'Fast Forwarding', NULL, 'Fast_Forwarding-1105', 'Fast_Forwarding-1105'),
(1106, 1, NULL, 'Estimating the Flood Risk', NULL, 'Estimating_the_Flood_Risk-1106', 'Estimating_the_Flood_Risk-1106'),
(1107, 1, NULL, 'Reordering the Documents', NULL, 'Reordering_the_Documents-1107', 'Reordering_the_Documents-1107'),
(1108, 1, NULL, 'Ambiguous Encoding', NULL, 'Ambiguous_Encoding-1108', 'Ambiguous_Encoding-1108'),
(1109, 1, NULL, 'Parentheses Editor', NULL, 'Parentheses_Editor-1109', 'Parentheses_Editor-1109'),
(1110, 1, NULL, 'One-Way Conveyors', NULL, 'One-Way_Conveyors-1110', 'One-Way_Conveyors-1110'),
(1111, 1, NULL, 'Fun Region', NULL, 'Fun_Region-1111', 'Fun_Region-1111'),
(1112, 1, NULL, 'Draw in Straight Lines', NULL, 'Draw_in_Straight_Lines-1112', 'Draw_in_Straight_Lines-1112'),
(1113, 65, NULL, 'Wall Painting', NULL, 'Wall_Painting-1113', 'Wall_Painting-1113'),
(1114, 65, NULL, 'Twin Trees Bros.', NULL, 'Twin_Trees_Bros-1114', 'Twin_Trees_Bros-1114'),
(1115, 65, NULL, 'Halting Problem', NULL, 'Halting_Problem-1115', 'Halting_Problem-1115'),
(1116, 1, NULL, 'Pyramid', NULL, 'Pyramid-1116', 'Pyramid-1116'),
(1117, 1, NULL, 'Deciphering Mayan Writing', NULL, 'Deciphering_Mayan_Writing-1117', 'Deciphering_Mayan_Writing-1117'),
(1118, 1, NULL, 'Logarithmic Paprika', NULL, 'Logarithmic_Paprika-1118', 'Logarithmic_Paprika-1118'),
(1119, 1, NULL, 'Bug', NULL, 'Bug-1119', 'Bug-1119'),
(1120, 1, NULL, 'Cliquers Strike Back', NULL, 'Cliquers_Strike_Back-1120', 'Cliquers_Strike_Back-1120'),
(1121, 1, NULL, 'Diagonals', NULL, 'Diagonals-1121', 'Diagonals-1121'),
(1122, 1, NULL, 'Studies', NULL, 'Studies-1122', 'Studies-1122'),
(1123, 1, NULL, 'Mosaicism', NULL, 'Mosaicism-1123', 'Mosaicism-1123'),
(1124, 1, NULL, 'Turns', NULL, 'Turns-1124', 'Turns-1124'),
(1125, 1, NULL, 'Idempotent Functions', NULL, 'Idempotent_Functions-1125', 'Idempotent_Functions-1125'),
(1126, 1, NULL, 'Safe', NULL, 'Safe-1126', 'Safe-1126'),
(1127, 1, NULL, 'Environment-Friendly Travel', NULL, 'Environment-Friendly_Travel-1127', 'Environment-Friendly_Travel-1127'),
(1128, 1, NULL, 'Biodiversity', NULL, 'Biodiversity-1128', 'Biodiversity-1128'),
(1129, 1, NULL, 'Brackets', NULL, 'Brackets-1129', 'Brackets-1129'),
(1130, 1, NULL, 'Dots and Boxes', NULL, 'Dots_and_Boxes-1130', 'Dots_and_Boxes-1130'),
(1131, 1, NULL, 'Icebergs', NULL, 'Icebergs-1131', 'Icebergs-1131'),
(1132, 1, NULL, 'Inverse Factorial', NULL, 'Inverse_Factorial-1132', 'Inverse_Factorial-1132'),
(1133, 1, NULL, 'Nine Packs', NULL, 'Nine_Packs-1133', 'Nine_Packs-1133'),
(1134, 1, NULL, 'Rats', NULL, 'Rats-1134', 'Rats-1134'),
(1135, 1, NULL, 'Quick Estimates', NULL, 'Quick_Estimates-1135', 'Quick_Estimates-1135'),
(1136, 1, NULL, 'Bird Watching', NULL, 'Bird_Watching-1136', 'Bird_Watching-1136'),
(1137, 66, NULL, 'Gnalcats', NULL, 'Gnalcats-1137', 'Gnalcats-1137'),
(1138, 66, NULL, 'Pixels', NULL, 'Pixels-1138', 'Pixels-1138'),
(1139, 66, NULL, 'Swapping Places', NULL, 'Swapping_Places-1139', 'Swapping_Places-1139'),
(1140, 66, NULL, 'Pseudo-Random Number Generator', NULL, 'Pseudo-Random_Number_Generator-1140', 'Pseudo-Random_Number_Generator-1140'),
(1141, 66, NULL, 'Counting Trees', NULL, 'Counting_Trees-1141', 'Counting_Trees-1141'),
(1142, 66, NULL, 'River Game', NULL, 'River_Game-1142', 'River_Game-1142'),
(1143, 67, NULL, 'Cut the Cake', NULL, 'Cut_the_Cake-1143', 'Cut_the_Cake-1143'),
(1144, 67, NULL, 'The n Days of Christmas', NULL, 'The_n_Days_of_Christmas-1144', 'The_n_Days_of_Christmas-1144'),
(1145, 67, NULL, 'Ping!', NULL, 'Ping-1145', 'Ping-1145'),
(1146, 67, NULL, 'Electric Car Rally', NULL, 'Electric_Car_Rally-1146', 'Electric_Car_Rally-1146'),
(1147, 67, NULL, 'Count your Cousins', NULL, 'Count_your_Cousins-1147', 'Count_your_Cousins-1147'),
(1148, 67, NULL, 'Decimal Representation', NULL, 'Decimal_Representation-1148', 'Decimal_Representation-1148'),
(1149, 67, NULL, 'Yoda', NULL, 'Yoda-1149', 'Yoda-1149'),
(1150, 67, NULL, 'Han', NULL, 'Han-1150', 'Han-1150'),
(1151, 67, NULL, 'Deathstar', NULL, 'Deathstar-1151', 'Deathstar-1151'),
(1152, 67, NULL, 'Chewbacca', NULL, 'Chewbacca-1152', 'Chewbacca-1152'),
(1153, 67, NULL, 'Galaxy', NULL, 'Galaxy-1153', 'Galaxy-1153'),
(1154, 1, NULL, 'Euler\'s Problem', NULL, 'Eulers_Problem-1154', 'Eulers_Problem-1154'),
(1155, 1, NULL, 'Stone Game', NULL, 'Stone_Game-1155', 'Stone_Game-1155'),
(1156, 1, NULL, 'Blizzard', NULL, 'Blizzard-1156', 'Blizzard-1156'),
(1157, 1, NULL, 'Glowworms', NULL, 'Glowworms-1157', 'Glowworms-1157'),
(1158, 1, NULL, 'Oar Tester', NULL, 'Oar_Tester-1158', 'Oar_Tester-1158'),
(1159, 1, NULL, 'Endor', NULL, 'Endor-1159', 'Endor-1159'),
(1160, 1, NULL, 'Salad Bar', NULL, 'Salad_Bar-1160', 'Salad_Bar-1160'),
(1161, 1, NULL, 'Hotels', NULL, 'Hotels-1161', 'Hotels-1161'),
(1162, 1, NULL, 'Couriers', NULL, 'Couriers-1162', 'Couriers-1162'),
(1163, 1, NULL, 'Snake', NULL, 'Snake-1163', 'Snake-1163'),
(1164, 1, NULL, 'Cards', NULL, 'Cards-1164', 'Cards-1164'),
(1165, 1, NULL, 'Criminals', NULL, 'Criminals-1165', 'Criminals-1165'),
(1166, 1, NULL, 'Supercomputer', NULL, 'Supercomputer-1166', 'Supercomputer-1166'),
(1167, 1, NULL, 'Little Bird', NULL, 'Little_Bird-1167', 'Little_Bird-1167'),
(1168, 1, NULL, 'Rally', NULL, 'Rally-1168', 'Rally-1168'),
(1169, 1, NULL, 'The Valley of Mexico', NULL, 'The_Valley_of_Mexico-1169', 'The_Valley_of_Mexico-1169'),
(1170, 1, NULL, 'Joining Points', NULL, 'Joining_Points-1170', 'Joining_Points-1170'),
(1171, 68, NULL, 'A Journey to Greece', NULL, 'A_Journey_to_Greece-1171', 'A_Journey_to_Greece-1171'),
(1172, 68, NULL, 'Bounty Hunter II', NULL, 'Bounty_Hunter_II-1172', 'Bounty_Hunter_II-1172'),
(1173, 68, NULL, 'Cake', NULL, 'Cake-1173', 'Cake-1173'),
(1174, 68, NULL, 'Carpets', NULL, 'Carpets-1174', 'Carpets-1174'),
(1175, 68, NULL, 'Change of Scenery', NULL, 'Change_of_Scenery-1175', 'Change_of_Scenery-1175'),
(1176, 68, NULL, 'Divisions', NULL, 'Divisions-1176', 'Divisions-1176'),
(1177, 68, NULL, 'Extreme Sort', NULL, 'Extreme_Sort-1177', 'Extreme_Sort-1177'),
(1178, 68, NULL, 'Legacy Code', NULL, 'Legacy_Code-1178', 'Legacy_Code-1178'),
(1179, 68, NULL, 'Milling machines', NULL, 'Milling_machines-1179', 'Milling_machines-1179'),
(1180, 68, NULL, 'Souvenirs', NULL, 'Souvenirs-1180', 'Souvenirs-1180'),
(1181, 68, NULL, 'Upside down primes', NULL, 'Upside_down_primes-1181', 'Upside_down_primes-1181'),
(1182, 69, NULL, 'Accurate Movement', NULL, 'Accurate_Movement-1182', 'Accurate_Movement-1182'),
(1183, 69, NULL, 'Bad Treap', NULL, 'Bad_Treap-1183', 'Bad_Treap-1183'),
(1184, 69, NULL, 'Cross-Stitch', NULL, 'Cross-Stitch-1184', 'Cross-Stitch-1184'),
(1185, 69, NULL, 'Double Palindrome', NULL, 'Double_Palindrome-1185', 'Double_Palindrome-1185'),
(1186, 69, NULL, 'Equidistant', NULL, 'Equidistant-1186', 'Equidistant-1186'),
(1187, 69, NULL, 'Foreach', NULL, 'Foreach-1187', 'Foreach-1187'),
(1188, 69, NULL, 'Golf Time', NULL, 'Golf_Time-1188', 'Golf_Time-1188'),
(1189, 69, NULL, 'High Load Database', NULL, 'High_Load_Database-1189', 'High_Load_Database-1189'),
(1190, 69, NULL, 'Ideal Pyramid', NULL, 'Ideal_Pyramid-1190', 'Ideal_Pyramid-1190'),
(1191, 69, NULL, 'Just the Last Digit', NULL, 'Just_the_Last_Digit-1191', 'Just_the_Last_Digit-1191'),
(1192, 69, NULL, 'King\'s Children', NULL, 'Kings_Children-1192', 'Kings_Children-1192'),
(1193, 69, NULL, 'Lengths and Periods', NULL, 'None', 'None'),
(1194, 69, NULL, 'Managing Difficulties', NULL, 'None', 'None'),
(1195, 70, NULL, 'Airports', NULL, 'None', 'None'),
(1196, 70, NULL, 'Checkers', NULL, 'None', 'None'),
(1197, 70, NULL, 'Coverage', NULL, 'None', 'None'),
(1198, 70, NULL, 'Gears', NULL, 'None', 'None'),
(1199, 70, NULL, 'Racing Gems', NULL, 'None', 'None'),
(1200, 70, NULL, 'Weightlifting', NULL, 'None', 'None'),
(1201, 1, NULL, 'Long Travels', NULL, 'Long_Travels-1201', 'Long_Travels-1201'),
(1202, 1, NULL, 'Evaluation of an Expression', NULL, 'Evaluation_of_an_Expression-1202', 'Evaluation_of_an_Expression-1202'),
(1203, 1, NULL, 'Pillars', NULL, 'Pillars-1203', 'Pillars-1203'),
(1204, 1, NULL, 'Seal', NULL, 'Seal-1204', 'Seal-1204'),
(1205, 1, NULL, 'Factorial', NULL, 'Factorial-1205', 'Factorial-1205'),
(1206, 1, NULL, 'Matchings in a Tree', NULL, 'Matchings_in_a_Tree-1206', 'Matchings_in_a_Tree-1206'),
(1207, 1, NULL, 'Shuffling', NULL, 'Shuffling-1207', 'Shuffling-1207'),
(1208, 1, NULL, 'Triinformathlon', NULL, 'Triinformathlon-1208', 'Triinformathlon-1208'),
(1209, 1, NULL, 'The Dragon and the Knights', NULL, 'The_Dragon_and_the_Knights-1209', 'The_Dragon_and_the_Knights-1209'),
(1210, 1, NULL, 'Save the Dinosaurs', NULL, 'Save_the_Dinosaurs-1210', 'Save_the_Dinosaurs-1210'),
(1211, 1, NULL, 'Computational Geometry', NULL, 'Computational_Geometry-1211', 'Computational_Geometry-1211'),
(1212, 1, NULL, 'Eleven Circles', NULL, 'Eleven_Circles-1212', 'Eleven_Circles-1212'),
(1213, 1, NULL, 'Robby the Little Robot', NULL, 'Robby_the_Little_Robot-1213', 'Robby_the_Little_Robot-1213'),
(1214, 1, NULL, 'Vending Machine', NULL, 'Vending_Machine-1214', 'Vending_Machine-1214'),
(1215, 1, NULL, 'Carcassonne', NULL, 'Carcassonne-1215', 'Carcassonne-1215'),
(1216, 1, NULL, 'Alien Invasion', NULL, 'Alien_Invasion-1216', 'Alien_Invasion-1216'),
(1217, 1, NULL, 'Rabbits', NULL, 'Rabbits-1217', 'Rabbits-1217'),
(1218, 1, NULL, 'Telescope', NULL, 'Telescope-1218', 'Telescope-1218'),
(1219, 1, NULL, 'Teddies', NULL, 'Teddies-1219', 'Teddies-1219'),
(1220, 1, NULL, 'Highway Modernaization', NULL, 'Highway_Modernaization-1220', 'Highway_Modernaization-1220'),
(1221, 1, NULL, 'Virus', NULL, 'Virus-1221', 'Virus-1221');
INSERT INTO `com_catalogsystem_problem` (`id`, `source_id`, `category_id`, `name`, `difficulty`, `pdf_link`, `zip_link`) VALUES
(1222, 1, NULL, 'Yet Another DNA Problem', NULL, 'Yet_Another_DNA_Problem-1222', 'Yet_Another_DNA_Problem-1222'),
(1223, 1, NULL, 'Jnok', NULL, 'Jnok-1223', 'Jnok-1223'),
(1224, 1, NULL, 'Movie-goer', NULL, 'Movie-goer-1224', 'Movie-goer-1224'),
(1225, 1, NULL, 'Supersequences', NULL, 'Supersequences-1225', 'Supersequences-1225'),
(1226, 1, NULL, 'Water Park', NULL, 'Water_Park-1226', 'Water_Park-1226'),
(1227, 1, NULL, 'Late Arrival', NULL, 'Late_Arrival-1227', 'Late_Arrival-1227'),
(1228, 1, NULL, 'Table', NULL, 'Table-1228', 'Table-1228'),
(1229, 1, NULL, 'Test', NULL, 'Test-1229', 'Test-1229'),
(1230, 1, NULL, 'Integrated Circuit', NULL, 'Integrated_Circuit-1230', 'Integrated_Circuit-1230'),
(1231, 1, NULL, 'DNA', NULL, 'DNA-1231', 'DNA-1231'),
(1232, 1, NULL, 'Beads', NULL, 'Beads-1232', 'Beads-1232'),
(1233, 1, NULL, 'Mutations', NULL, 'Mutations-1233', 'Mutations-1233'),
(1234, 1, NULL, 'The Shortest Period', NULL, 'The_Shortest_Period-1234', 'The_Shortest_Period-1234'),
(1235, 1, NULL, 'Palindromic Finder', NULL, 'Palindromic_Finder-1235', 'Palindromic_Finder-1235'),
(1236, 1, NULL, 'Count the Subsequences', NULL, 'Count_the_Subsequences-1236', 'Count_the_Subsequences-1236'),
(1237, 1, NULL, 'Christmas Chain 2', NULL, 'Christmas_Chain_2-1237', 'Christmas_Chain_2-1237'),
(1238, 1, NULL, 'Stutter', NULL, 'Stutter-1238', 'Stutter-1238'),
(1239, 1, NULL, 'Beer Barrels', NULL, 'Beer_Barrels-1239', 'Beer_Barrels-1239'),
(1240, 1, NULL, 'Magic Squares?', NULL, 'Magic_Squares-1240', 'Magic_Squares-1240'),
(1241, 1, NULL, 'Friday the 13th', NULL, 'Friday_the_13th-1241', 'Friday_the_13th-1241'),
(1242, 1, NULL, 'Beer Bill', NULL, 'Beer_Bill-1242', 'Beer_Bill-1242'),
(1243, 1, NULL, 'Beer Mugs', NULL, 'Beer_Mugs-1243', 'Beer_Mugs-1243'),
(1244, 1, NULL, 'FSM2', NULL, 'FSM2-1244', 'FSM2-1244'),
(1245, 1, NULL, 'Sixpack', NULL, 'Sixpack-1245', 'Sixpack-1245'),
(1246, 1, NULL, 'A Game of Stones', NULL, 'A_Game_of_Stones-1246', 'A_Game_of_Stones-1246'),
(1247, 1, NULL, 'Lucas\'s Letters', NULL, 'Lucass_Letters-1247', 'Lucass_Letters-1247'),
(1248, 1, NULL, 'Intergalactic Soccer', NULL, 'Intergalactic_Soccer-1248', 'Intergalactic_Soccer-1248'),
(1249, 1, NULL, 'Beer Vision', NULL, 'Beer_Vision-1249', 'Beer_Vision-1249'),
(1250, 72, NULL, 'Beer Coasters', NULL, 'Beer_Coasters-1250', 'Beer_Coasters-1250'),
(1251, 72, NULL, 'Beer Flood System', NULL, 'Beer_Flood_System-1251', 'Beer_Flood_System-1251'),
(1252, 72, NULL, 'Beer Can Game', NULL, 'Beer_Can_Game-1252', 'Beer_Can_Game-1252'),
(1253, 72, NULL, 'Beer Marathon', NULL, 'Beer_Marathon-1253', 'Beer_Marathon-1253'),
(1254, 67, NULL, 'Contest Rules', NULL, 'Contest_Rules-1254', 'Contest_Rules-1254'),
(1255, 67, NULL, 'Morse Enumerations', NULL, 'Morse_Enumerations-1255', 'Morse_Enumerations-1255'),
(1256, 67, NULL, 'Namography', NULL, 'Namography-1256', 'Namography-1256'),
(1257, 67, NULL, 'Promoting Elves Rights', NULL, 'Promoting_Elves_Rights-1257', 'Promoting_Elves_Rights-1257'),
(1258, 67, NULL, 'Rock Candy', NULL, 'Rock_Candy-1258', 'Rock_Candy-1258'),
(1259, 67, NULL, 'Searching for a Cure', NULL, 'Searching_for_a_Cure-1259', 'Searching_for_a_Cure-1259'),
(1260, 1, NULL, 'Alien Game', NULL, 'Alien_Game-1260', 'Alien_Game-1260'),
(1261, 1, NULL, 'Party Time', NULL, 'Party_Time-1261', 'Party_Time-1261'),
(1262, 1, NULL, 'Safest Place', NULL, 'Safest_Place-1262', 'Safest_Place-1262'),
(1263, 1, NULL, 'Studious Student', NULL, 'Studious_Student-1263', 'Studious_Student-1263'),
(1264, 1, NULL, 'Divisor Function Optimization', NULL, 'Divisor_Function_Optimization-1264', 'Divisor_Function_Optimization-1264'),
(1265, 1, NULL, 'Trapezoids', NULL, 'Trapezoids-1265', 'Trapezoids-1265'),
(1266, 1, NULL, 'Sequence Slicing', NULL, 'Sequence_Slicing-1266', 'Sequence_Slicing-1266'),
(1267, 1, NULL, 'Digits War', NULL, 'Digits_War-1267', 'Digits_War-1267'),
(1268, 1, NULL, 'Name The Baby', NULL, 'Name_The_Baby-1268', 'Name_The_Baby-1268'),
(1269, 1, NULL, 'Greedy Entertainers', NULL, 'Greedy_Entertainers-1269', 'Greedy_Entertainers-1269'),
(1270, 1, NULL, 'Secret Santa', NULL, 'Secret_Santa-1270', 'Secret_Santa-1270'),
(1271, 1, NULL, 'Restaurant Chains', NULL, 'Restaurant_Chains-1271', 'Restaurant_Chains-1271'),
(1272, 73, NULL, 'Sunday Drive', NULL, 'Sunday_Drive-1272', 'Sunday_Drive-1272'),
(1273, 73, NULL, 'Hexagram', NULL, 'Hexagram-1273', 'Hexagram-1273'),
(1274, 73, NULL, 'Flooring Tiles', NULL, 'Flooring_Tiles-1274', 'Flooring_Tiles-1274'),
(1275, 73, NULL, 'Vive la Difference!', NULL, 'Vive_la_Difference-1275', 'Vive_la_Difference-1275'),
(1276, 73, NULL, 'Robot Navigation', NULL, 'Robot_Navigation-1276', 'Robot_Navigation-1276'),
(1277, 73, NULL, 'Folding Game', NULL, 'Folding_Game-1277', 'Folding_Game-1277'),
(1278, 73, NULL, 'Burnout', NULL, 'Burnout-1278', 'Burnout-1278'),
(1279, 73, NULL, 'Family Fortune', NULL, 'Family_Fortune-1279', 'Family_Fortune-1279'),
(1280, 73, NULL, 'Moving Points', NULL, 'Moving_Points-1280', 'Moving_Points-1280'),
(1281, 73, NULL, 'Vampire Numbers', NULL, 'Vampire_Numbers-1281', 'Vampire_Numbers-1281'),
(1282, 1, NULL, 'GREAT+SWERC=PORTO', NULL, 'GREAT+SWERC=PORTO-1282', 'GREAT+SWERC=PORTO-1282'),
(1283, 1, NULL, 'Flowery Trails', NULL, 'Flowery_Trails-1283', 'Flowery_Trails-1283'),
(1284, 1, NULL, 'Golf Bot', NULL, 'Golf_Bot-1284', 'Golf_Bot-1284'),
(1285, 1, NULL, 'Book Club', NULL, 'Book_Club-1285', 'Book_Club-1285'),
(1286, 1, NULL, 'Ricochet Robots', NULL, 'Ricochet_Robots-1286', 'Ricochet_Robots-1286'),
(1287, 1, NULL, 'City Park', NULL, 'City_Park-1287', 'City_Park-1287'),
(1288, 1, NULL, 'Playing with Geometry', NULL, 'Playing_with_Geometry-1288', 'Playing_with_Geometry-1288'),
(1289, 1, NULL, 'Money Transfers', NULL, 'Money_Transfers-1289', 'Money_Transfers-1289'),
(1290, 1, NULL, 'The Safe Secret', NULL, 'The_Safe_Secret-1290', 'The_Safe_Secret-1290'),
(1291, 1, NULL, 'The Worm in the Apple', NULL, 'The_Worm_in_the_Apple-1291', 'The_Worm_in_the_Apple-1291'),
(1292, 75, NULL, 'Billboard', NULL, 'Billboard-1292', 'Billboard-1292'),
(1293, 75, NULL, 'Bridge', NULL, 'Bridge-1293', 'Bridge-1293'),
(1294, 75, NULL, 'Cable Company', NULL, 'Cable_Company-1294', 'Cable_Company-1294'),
(1295, 75, NULL, 'Double Trouble', NULL, 'Double_Trouble-1295', 'Double_Trouble-1295'),
(1296, 75, NULL, 'Palindromic Obsession', NULL, 'Palindromic_Obsession-1296', 'Palindromic_Obsession-1296'),
(1297, 75, NULL, 'Puzzle', NULL, 'Puzzle-1297', 'Puzzle-1297'),
(1298, 75, NULL, 'Top Secret', NULL, 'Top_Secret-1298', 'Top_Secret-1298'),
(1299, 1, NULL, 'Daydreaming Stockbroker', NULL, 'Daydreaming_Stockbroker-1299', 'Daydreaming_Stockbroker-1299'),
(1300, 1, NULL, 'Amanda\'s Lounges', NULL, 'Amandas_Lounges-1300', 'Amandas_Lounges-1300'),
(1301, 1, NULL, 'Dice Game', NULL, 'Dice_Game-1301', 'Dice_Game-1301'),
(1302, 1, NULL, 'Opening Ceremony', NULL, 'Opening_Ceremony-1302', 'Opening_Ceremony-1302'),
(1303, 1, NULL, 'Outing', NULL, 'Outing-1303', 'Outing-1303'),
(1304, 1, NULL, 'Train Passengers', NULL, 'Train_Passengers-1304', 'Train_Passengers-1304'),
(1305, 1, NULL, 'Basic City Surveillance', NULL, 'Basic_City_Surveillance-1305', 'Basic_City_Surveillance-1305'),
(1306, 1, NULL, 'How Many Squares?', NULL, 'How_Many_Squares-1306', 'How_Many_Squares-1306'),
(1307, 1, NULL, 'Road Work', NULL, 'Road_Work-1307', 'Road_Work-1307'),
(1308, 1, NULL, 'Parity', NULL, 'Parity-1308', 'Parity-1308'),
(1309, 1, NULL, 'DRM Messages', NULL, 'DRM_Messages-1309', 'DRM_Messages-1309'),
(1310, 1, NULL, 'Game of Throwns', NULL, 'Game_of_Throwns-1310', 'Game_of_Throwns-1310'),
(1311, 1, NULL, 'Geography Assignment', NULL, 'Geography_Assignment-1311', 'Geography_Assignment-1311'),
(1312, 1, NULL, 'Keeping On Track', NULL, 'Keeping_On_Track-1312', 'Keeping_On_Track-1312'),
(1313, 1, NULL, 'A Question of Ingestion', NULL, 'A_Question_of_Ingestion-1313', 'A_Question_of_Ingestion-1313'),
(1314, 1, NULL, 'Sheba\'s Amoebas', NULL, 'Shebas_Amoebas-1314', 'Shebas_Amoebas-1314'),
(1315, 1, NULL, 'Dot Game Dominator', NULL, 'Dot_Game_Dominator-1315', 'Dot_Game_Dominator-1315'),
(1316, 1, NULL, 'Workout for a Dumbbell', NULL, 'Workout_for_a_Dumbbell-1316', 'Workout_for_a_Dumbbell-1316'),
(1317, 76, NULL, 'Abstract Art', NULL, 'Abstract_Art-1317', 'Abstract_Art-1317'),
(1318, 76, NULL, 'Craters', NULL, 'Craters-1318', 'Craters-1318'),
(1319, 76, NULL, 'Is-A? Has-A? Who Knowz-A?', NULL, 'Is-A_Has-A_Who_Knowz-A-1319', 'Is-A_Has-A_Who_Knowz-A-1319'),
(1320, 76, NULL, 'Twenty Four, Again', NULL, 'Twenty_Four_Again-1320', 'Twenty_Four_Again-1320'),
(1321, 77, NULL, 'Sequence', NULL, 'Sequence-1321', 'Sequence-1321'),
(1322, 77, NULL, 'Circle and Marble', NULL, 'Circle_and_Marble-1322', 'Circle_and_Marble-1322'),
(1323, 77, NULL, 'Group of Strangers', NULL, 'Group_of_Strangers-1323', 'Group_of_Strangers-1323'),
(1324, 77, NULL, 'Best Position', NULL, 'Best_Position-1324', 'Best_Position-1324'),
(1325, 77, NULL, 'Ball', NULL, 'Ball-1325', 'Ball-1325'),
(1326, 77, NULL, 'Irrigation Lines', NULL, 'Irrigation_Lines-1326', 'Irrigation_Lines-1326'),
(1327, 78, NULL, 'Aesthetic Flags', NULL, 'Aesthetic_Flags-1327', 'Aesthetic_Flags-1327'),
(1328, 78, NULL, 'Battle of the Witches', NULL, 'Battle_of_the_Witches-1328', 'Battle_of_the_Witches-1328'),
(1329, 78, NULL, 'Color the Lines', NULL, 'Color_the_Lines-1329', 'Color_the_Lines-1329'),
(1330, 78, NULL, 'How Many Mountains?', NULL, 'How_Many_Mountains-1330', 'How_Many_Mountains-1330'),
(1331, 78, NULL, 'The Hypervigilant Guards', NULL, 'The_Hypervigilant_Guards-1331', 'The_Hypervigilant_Guards-1331'),
(1332, 78, NULL, 'Perfect Racko', NULL, 'Perfect_Racko-1332', 'Perfect_Racko-1332'),
(1333, 78, NULL, 'Street Painters', NULL, 'Street_Painters-1333', 'Street_Painters-1333'),
(1334, 78, NULL, 'Talks', NULL, 'Talks-1334', 'Talks-1334'),
(1335, 79, NULL, 'Car Vet', NULL, 'Car_Vet-1335', 'Car_Vet-1335'),
(1336, 79, NULL, 'Difference', NULL, 'Difference-1336', 'Difference-1336'),
(1337, 79, NULL, 'Pear-wise Voting', NULL, 'Pear-wise_Voting-1337', 'Pear-wise_Voting-1337'),
(1338, 79, NULL, 'Pizza Cutting', NULL, 'Pizza_Cutting-1338', 'Pizza_Cutting-1338'),
(1339, 79, NULL, 'The Punctilious Cruciverbalist', NULL, 'The_Punctilious_Cruciverbalist-1339', 'The_Punctilious_Cruciverbalist-1339'),
(1340, 79, NULL, 'A Random Problem', NULL, 'A_Random_Problem-1340', 'A_Random_Problem-1340'),
(1341, 79, NULL, 'Roman Holidays', NULL, 'Roman_Holidays-1341', 'Roman_Holidays-1341'),
(1342, 79, NULL, 'Sequential Yahtzee', NULL, 'Sequential_Yahtzee-1342', 'Sequential_Yahtzee-1342'),
(1343, 79, NULL, 'Tours de Sales Force', NULL, 'Tours_de_Sales_Force-1343', 'Tours_de_Sales_Force-1343'),
(1344, 79, NULL, 'Watch Where You Step', NULL, 'Watch_Where_You_Step-1344', 'Watch_Where_You_Step-1344'),
(1345, 80, NULL, 'Moving Buildings', NULL, 'Moving_Buildings-1345', 'Moving_Buildings-1345'),
(1346, 80, NULL, 'Tanks and Pipes', NULL, 'Tanks_and_Pipes-1346', 'Tanks_and_Pipes-1346'),
(1347, 80, NULL, 'The Erdos-Straus Conjecture', NULL, 'The_Erdos-Straus_Conjecture-1347', 'The_Erdos-Straus_Conjecture-1347'),
(1348, 80, NULL, 'Airspace Regulations', NULL, 'Airspace_Regulations-1348', 'Airspace_Regulations-1348');

INSERT INTO `com_catalogsystem_problemset` (`id`, `set_id`, `problem_id`) VALUES
(1, 1, 1),
(2, 1, 2),
(3, 1, 3),
(4, 1, 4),
(5, 1, 5),
(6, 1, 6),
(7, 1, 7),
(8, 1, 8),
(9, 1, 9),
(10, 1, 10),
(11, 1, 11),
(12, 1, 12),
(13, 2, 13),
(14, 2, 14),
(15, 2, 15),
(16, 2, 16),
(17, 2, 17),
(18, 2, 18),
(19, 2, 19),
(20, 2, 20),
(21, 2, 21),
(22, 2, 22),
(23, 2, 23),
(24, 2, 24),
(25, 3, 25),
(26, 3, 26),
(27, 3, 27),
(28, 3, 28),
(29, 3, 29),
(30, 3, 30),
(31, 3, 31),
(32, 3, 32),
(33, 3, 33),
(34, 3, 34),
(35, 3, 35),
(36, 4, 36),
(37, 4, 37),
(38, 4, 38),
(39, 4, 39),
(40, 4, 40),
(41, 4, 41),
(42, 4, 42),
(43, 4, 43),
(44, 4, 44),
(45, 4, 45),
(46, 4, 46),
(47, 4, 47),
(48, 5, 48),
(49, 5, 49),
(50, 5, 50),
(51, 5, 51),
(52, 5, 52),
(53, 5, 53),
(54, 5, 54),
(55, 5, 55),
(56, 5, 56),
(57, 5, 57),
(58, 5, 58),
(59, 5, 59),
(60, 6, 60),
(61, 6, 61),
(62, 6, 62),
(63, 6, 63),
(64, 6, 64),
(65, 6, 65),
(66, 6, 66),
(67, 6, 67),
(68, 6, 68),
(69, 6, 69),
(70, 6, 70),
(71, 7, 71),
(72, 7, 72),
(73, 7, 73),
(74, 7, 74),
(75, 7, 75),
(76, 7, 76),
(77, 7, 77),
(78, 7, 78),
(79, 7, 79),
(80, 7, 80),
(81, 7, 81),
(82, 7, 82),
(83, 8, 83),
(84, 8, 79),
(85, 8, 84),
(86, 8, 82),
(87, 8, 85),
(88, 8, 86),
(89, 8, 76),
(90, 8, 78),
(91, 8, 87),
(92, 8, 88),
(93, 8, 89),
(94, 8, 90),
(95, 9, 91),
(96, 9, 92),
(97, 9, 93),
(98, 9, 94),
(99, 9, 95),
(100, 9, 96),
(101, 9, 97),
(102, 9, 98),
(103, 9, 99),
(104, 9, 100),
(105, 9, 101),
(106, 9, 102),
(107, 9, 103),
(108, 10, 104),
(109, 10, 92),
(110, 10, 93),
(111, 10, 105),
(112, 10, 95),
(113, 10, 106),
(114, 10, 97),
(115, 10, 98),
(116, 10, 107),
(117, 10, 108),
(118, 10, 109),
(119, 10, 110),
(120, 11, 111),
(121, 11, 112),
(122, 11, 113),
(123, 11, 114),
(124, 11, 115),
(125, 11, 116),
(126, 11, 117),
(127, 11, 118),
(128, 11, 119),
(129, 11, 120),
(130, 11, 121),
(131, 12, 122),
(132, 12, 123),
(133, 12, 124),
(134, 12, 125),
(135, 12, 126),
(136, 12, 127),
(137, 12, 128),
(138, 12, 129),
(139, 12, 130),
(140, 12, 131),
(141, 12, 132),
(142, 12, 133),
(143, 13, 134),
(144, 13, 135),
(145, 13, 136),
(146, 13, 137),
(147, 13, 138),
(148, 13, 139),
(149, 13, 140),
(150, 13, 141),
(151, 13, 142),
(152, 13, 143),
(153, 13, 144),
(154, 14, 145),
(155, 14, 146),
(156, 14, 147),
(157, 14, 148),
(158, 14, 149),
(159, 14, 150),
(160, 14, 151),
(161, 14, 152),
(162, 14, 153),
(163, 14, 154),
(164, 14, 155),
(165, 15, 147),
(166, 15, 151),
(167, 15, 156),
(168, 15, 153),
(169, 15, 157),
(170, 15, 158),
(171, 15, 159),
(172, 15, 160),
(173, 15, 161),
(174, 15, 162),
(175, 15, 154),
(176, 16, 163),
(177, 16, 164),
(178, 16, 165),
(179, 16, 166),
(180, 16, 167),
(181, 16, 168),
(182, 16, 169),
(183, 16, 170),
(184, 16, 171),
(185, 16, 172),
(186, 16, 173),
(187, 17, 174),
(188, 17, 175),
(189, 17, 176),
(190, 17, 177),
(191, 17, 178),
(192, 17, 179),
(193, 17, 180),
(194, 17, 181),
(195, 17, 182),
(196, 17, 183),
(197, 17, 184),
(198, 17, 185),
(199, 18, 186),
(200, 18, 187),
(201, 18, 188),
(202, 18, 189),
(203, 18, 190),
(204, 18, 191),
(205, 18, 192),
(206, 18, 193),
(207, 18, 194),
(208, 18, 195),
(209, 18, 196),
(210, 19, 197),
(211, 19, 198),
(212, 19, 199),
(213, 19, 200),
(214, 19, 201),
(215, 19, 202),
(216, 19, 203),
(217, 19, 204),
(218, 19, 205),
(219, 19, 206),
(220, 19, 207),
(221, 20, 208),
(222, 20, 209),
(223, 20, 210),
(224, 20, 211),
(225, 20, 212),
(226, 20, 213),
(227, 20, 214),
(228, 20, 215),
(229, 20, 216),
(230, 20, 217),
(231, 20, 218),
(232, 20, 219),
(233, 21, 220),
(234, 21, 221),
(235, 21, 222),
(236, 21, 223),
(237, 21, 224),
(238, 21, 225),
(239, 21, 226),
(240, 21, 227),
(241, 21, 228),
(242, 21, 229),
(243, 21, 230),
(244, 22, 31),
(245, 22, 231),
(246, 22, 232),
(247, 22, 233),
(248, 22, 234),
(249, 22, 235),
(250, 22, 236),
(251, 22, 237),
(252, 22, 238),
(253, 22, 239),
(254, 22, 240),
(255, 23, 241),
(256, 23, 242),
(257, 23, 243),
(258, 23, 244),
(259, 23, 31),
(260, 23, 245),
(261, 23, 246),
(262, 23, 247),
(263, 23, 248),
(264, 23, 231),
(265, 23, 249),
(266, 23, 240),
(267, 24, 250),
(268, 24, 251),
(269, 24, 252),
(270, 24, 253),
(271, 24, 254),
(272, 24, 255),
(273, 24, 256),
(274, 24, 257),
(275, 24, 258),
(276, 24, 259),
(277, 24, 260),
(278, 24, 261),
(279, 24, 262),
(280, 25, 263),
(281, 25, 264),
(282, 25, 265),
(283, 25, 266),
(284, 25, 267),
(285, 25, 268),
(286, 25, 269),
(287, 25, 270),
(288, 25, 271),
(289, 25, 272),
(290, 25, 273),
(291, 25, 274),
(292, 25, 275),
(293, 25, 276),
(294, 25, 277),
(295, 26, 278),
(296, 26, 279),
(297, 26, 280),
(298, 26, 281),
(299, 26, 282),
(300, 26, 283),
(301, 26, 284),
(302, 26, 285),
(303, 26, 286),
(304, 26, 287),
(305, 26, 288),
(306, 27, 278),
(307, 27, 289),
(308, 27, 290),
(309, 27, 287),
(310, 27, 291),
(311, 27, 292),
(312, 27, 293),
(313, 27, 294),
(314, 27, 288),
(315, 27, 295),
(316, 27, 296),
(317, 27, 297),
(318, 28, 298),
(319, 28, 299),
(320, 28, 300),
(321, 28, 301),
(322, 28, 302),
(323, 28, 303),
(324, 28, 304),
(325, 28, 305),
(326, 28, 306),
(327, 29, 307),
(328, 29, 308),
(329, 29, 309),
(330, 29, 310),
(331, 29, 311),
(332, 29, 312),
(333, 29, 313),
(334, 29, 314),
(335, 29, 315),
(336, 30, 316),
(337, 30, 317),
(338, 30, 318),
(339, 30, 319),
(340, 30, 320),
(341, 30, 321),
(342, 30, 322),
(343, 30, 323),
(344, 30, 324),
(345, 30, 325),
(346, 30, 326),
(347, 31, 327),
(348, 31, 328),
(349, 31, 329),
(350, 31, 321),
(351, 31, 330),
(352, 31, 331),
(353, 31, 332),
(354, 31, 325),
(355, 31, 324),
(356, 31, 333),
(357, 31, 334),
(358, 31, 335),
(359, 32, 336),
(360, 32, 337),
(361, 32, 338),
(362, 32, 339),
(363, 32, 340),
(364, 32, 341),
(365, 32, 342),
(366, 32, 343),
(367, 32, 344),
(368, 32, 345),
(369, 33, 346),
(370, 33, 337),
(371, 33, 347),
(372, 33, 344),
(373, 33, 348),
(374, 33, 349),
(375, 33, 350),
(376, 33, 345),
(377, 33, 351),
(378, 33, 352),
(379, 33, 353),
(380, 34, 354),
(381, 34, 355),
(382, 34, 356),
(383, 34, 357),
(384, 34, 358),
(385, 34, 359),
(386, 34, 360),
(387, 34, 361),
(388, 34, 362),
(389, 34, 363),
(390, 35, 358),
(391, 35, 362),
(392, 35, 364),
(393, 35, 365),
(394, 35, 366),
(395, 35, 367),
(396, 35, 368),
(397, 35, 369),
(398, 35, 370),
(399, 35, 371),
(400, 35, 363),
(401, 35, 372),
(402, 36, 373),
(403, 36, 374),
(404, 36, 375),
(405, 36, 376),
(406, 36, 377),
(407, 36, 378),
(408, 36, 379),
(409, 36, 380),
(410, 36, 381),
(411, 36, 382),
(412, 37, 383),
(413, 37, 384),
(414, 37, 378),
(415, 37, 379),
(416, 37, 380),
(417, 37, 385),
(418, 37, 386),
(419, 37, 387),
(420, 37, 381),
(421, 37, 388),
(422, 37, 389),
(423, 37, 382),
(424, 37, 390),
(425, 38, 391),
(426, 38, 392),
(427, 38, 393),
(428, 38, 394),
(429, 38, 395),
(430, 38, 396),
(431, 38, 397),
(432, 38, 398),
(433, 38, 399),
(434, 38, 400),
(435, 39, 401),
(436, 39, 402),
(437, 39, 403),
(438, 39, 391),
(439, 39, 404),
(440, 39, 393),
(441, 39, 405),
(442, 39, 406),
(443, 39, 399),
(444, 39, 400),
(445, 39, 407),
(446, 39, 408),
(447, 39, 409),
(448, 39, 410),
(449, 40, 411),
(450, 40, 412),
(451, 40, 413),
(452, 40, 414),
(453, 40, 415),
(454, 40, 416),
(455, 40, 417),
(456, 40, 418),
(457, 40, 419),
(458, 40, 420),
(459, 40, 421),
(460, 40, 422),
(461, 41, 423),
(462, 41, 415),
(463, 41, 424),
(464, 41, 425),
(465, 41, 426),
(466, 41, 417),
(467, 41, 427),
(468, 41, 428),
(469, 41, 429),
(470, 41, 430),
(471, 41, 420),
(472, 41, 431),
(473, 41, 421),
(474, 42, 432),
(475, 42, 433),
(476, 42, 434),
(477, 42, 435),
(478, 42, 436),
(479, 42, 437),
(480, 42, 438),
(481, 42, 439),
(482, 42, 440),
(483, 42, 441),
(484, 43, 442),
(485, 43, 443),
(486, 43, 444),
(487, 43, 445),
(488, 43, 446),
(489, 43, 447),
(490, 43, 448),
(491, 43, 449),
(492, 43, 450),
(493, 43, 451),
(494, 43, 452),
(495, 44, 453),
(496, 44, 454),
(497, 44, 455),
(498, 44, 456),
(499, 44, 457),
(500, 44, 458),
(501, 44, 459),
(502, 44, 460),
(503, 44, 461),
(504, 44, 462),
(505, 44, 463),
(506, 45, 464),
(507, 45, 465),
(508, 45, 466),
(509, 45, 467),
(510, 45, 468),
(511, 45, 469),
(512, 45, 470),
(513, 45, 471),
(514, 45, 472),
(515, 45, 473),
(516, 45, 474),
(517, 46, 475),
(518, 46, 476),
(519, 46, 477),
(520, 46, 478),
(521, 46, 479),
(522, 46, 480),
(523, 46, 481),
(524, 46, 482),
(525, 46, 483),
(526, 46, 484),
(527, 46, 485),
(528, 47, 486),
(529, 47, 487),
(530, 47, 488),
(531, 47, 489),
(532, 47, 490),
(533, 47, 491),
(534, 47, 492),
(535, 47, 493),
(536, 47, 494),
(537, 47, 495),
(538, 48, 496),
(539, 48, 497),
(540, 48, 498),
(541, 48, 499),
(542, 48, 500),
(543, 48, 501),
(544, 48, 502),
(545, 48, 503),
(546, 48, 504),
(547, 48, 505),
(548, 49, 506),
(549, 49, 507),
(550, 49, 508),
(551, 49, 509),
(552, 49, 510),
(553, 49, 511),
(554, 49, 219),
(555, 49, 512),
(556, 49, 513),
(557, 49, 514),
(558, 50, 515),
(559, 50, 355),
(560, 50, 516),
(561, 50, 517),
(562, 50, 518),
(563, 50, 519),
(564, 50, 360),
(565, 50, 520),
(566, 50, 521),
(567, 50, 522),
(568, 51, 523),
(569, 51, 524),
(570, 51, 525),
(571, 51, 526),
(572, 51, 527),
(573, 51, 528),
(574, 51, 529),
(575, 51, 530),
(576, 51, 531),
(577, 51, 532),
(578, 52, 19),
(579, 52, 533),
(580, 52, 534),
(581, 52, 535),
(582, 52, 536),
(583, 52, 537),
(584, 52, 234),
(585, 52, 538),
(586, 52, 539),
(587, 52, 540),
(588, 52, 541),
(589, 52, 542),
(590, 53, 543),
(591, 53, 392),
(592, 53, 544),
(593, 53, 394),
(594, 53, 395),
(595, 53, 396),
(596, 53, 397),
(597, 53, 398),
(598, 53, 545),
(599, 54, 546),
(600, 54, 547),
(601, 54, 548),
(602, 54, 549),
(603, 54, 550),
(604, 54, 551),
(605, 54, 552),
(606, 54, 553),
(607, 54, 554),
(608, 54, 555),
(609, 54, 556),
(610, 54, 557),
(611, 55, 558),
(612, 55, 559),
(613, 55, 560),
(614, 55, 561),
(615, 55, 562),
(616, 55, 563),
(617, 55, 564),
(618, 55, 565),
(619, 55, 566),
(620, 56, 567),
(621, 56, 568),
(622, 56, 569),
(623, 56, 570),
(624, 56, 571),
(625, 56, 572),
(626, 56, 573),
(627, 56, 574),
(628, 56, 575),
(629, 56, 576),
(641, 58, 577),
(642, 58, 578),
(643, 58, 579),
(644, 58, 580),
(645, 58, 581),
(646, 58, 582),
(647, 58, 583),
(648, 58, 584),
(649, 58, 585),
(650, 58, 586),
(651, 58, 587),
(652, 59, 588),
(653, 59, 589),
(654, 59, 590),
(655, 59, 591),
(656, 59, 592),
(657, 59, 593),
(658, 59, 594),
(659, 59, 595),
(660, 59, 596),
(661, 59, 597),
(662, 59, 598),
(663, 60, 599),
(664, 60, 600),
(665, 60, 601),
(666, 60, 602),
(667, 60, 603),
(668, 60, 604),
(669, 60, 605),
(670, 61, 606),
(671, 61, 607),
(672, 61, 608),
(673, 61, 609),
(674, 61, 610),
(675, 61, 611),
(676, 61, 612),
(677, 61, 613),
(678, 61, 614),
(679, 62, 615),
(680, 62, 616),
(681, 62, 617),
(682, 62, 618),
(683, 62, 619),
(684, 62, 620),
(685, 62, 621),
(686, 62, 622),
(687, 62, 623),
(688, 62, 624),
(689, 62, 625),
(690, 62, 626),
(691, 62, 627),
(692, 62, 628),
(693, 62, 629),
(694, 62, 630),
(695, 62, 631),
(696, 62, 632),
(697, 62, 633),
(698, 62, 634),
(699, 62, 635),
(700, 62, 636),
(701, 62, 637),
(702, 62, 638),
(703, 62, 639),
(704, 62, 640),
(705, 63, 641),
(706, 63, 642),
(707, 63, 643),
(708, 63, 644),
(709, 63, 645),
(710, 63, 646),
(711, 63, 647),
(712, 63, 648),
(713, 63, 649),
(714, 64, 650),
(715, 64, 651),
(716, 64, 652),
(717, 64, 653),
(718, 64, 654),
(719, 64, 655),
(720, 64, 656),
(721, 64, 314),
(722, 64, 657),
(723, 65, 658),
(724, 65, 280),
(725, 65, 659),
(726, 65, 660),
(727, 65, 661),
(728, 65, 662),
(729, 65, 663),
(730, 65, 664),
(731, 65, 665),
(732, 65, 666),
(733, 66, 667),
(734, 66, 668),
(735, 66, 669),
(736, 66, 670),
(737, 66, 671),
(738, 66, 672),
(739, 66, 673),
(740, 66, 674),
(741, 66, 675),
(742, 66, 676),
(743, 66, 677),
(744, 66, 678),
(745, 67, 679),
(746, 67, 680),
(747, 67, 681),
(748, 67, 682),
(749, 67, 683),
(750, 67, 684),
(751, 67, 685),
(752, 67, 686),
(753, 67, 687),
(754, 67, 688),
(755, 67, 689),
(756, 67, 690),
(757, 67, 691),
(758, 67, 692),
(759, 67, 693),
(760, 67, 694),
(761, 68, 695),
(762, 68, 696),
(763, 68, 697),
(764, 68, 698),
(765, 68, 699),
(766, 68, 700),
(767, 68, 701),
(768, 68, 702),
(769, 68, 703),
(770, 68, 704),
(771, 68, 705),
(772, 68, 706),
(773, 68, 707),
(774, 68, 708),
(775, 68, 709),
(776, 68, 710),
(777, 69, 711),
(778, 69, 712),
(779, 69, 713),
(780, 69, 714),
(781, 69, 715),
(782, 69, 716),
(783, 69, 717),
(784, 69, 718),
(785, 69, 719),
(786, 69, 720),
(787, 69, 721),
(788, 69, 722),
(789, 70, 723),
(790, 70, 724),
(791, 70, 725),
(792, 70, 726),
(793, 70, 727),
(794, 70, 728),
(795, 70, 729),
(796, 70, 730),
(797, 70, 731),
(798, 70, 732),
(799, 70, 733),
(800, 70, 734),
(801, 70, 735),
(802, 71, 287),
(803, 71, 736),
(804, 71, 737),
(805, 71, 738),
(806, 71, 739),
(807, 71, 740),
(808, 71, 741),
(809, 71, 742),
(810, 71, 743),
(811, 71, 744),
(812, 71, 745),
(813, 71, 746),
(814, 71, 747),
(815, 71, 748),
(816, 72, 749),
(817, 72, 750),
(818, 72, 751),
(819, 72, 752),
(820, 72, 753),
(821, 72, 754),
(822, 72, 755),
(823, 72, 756),
(824, 72, 757),
(825, 72, 758),
(826, 72, 759),
(827, 72, 760),
(828, 72, 761),
(829, 72, 762),
(830, 72, 763),
(831, 73, 764),
(832, 73, 765),
(833, 73, 766),
(834, 73, 767),
(835, 73, 768),
(836, 73, 769),
(837, 73, 770),
(838, 73, 771),
(839, 73, 772),
(840, 73, 773),
(841, 73, 774),
(842, 73, 775),
(843, 73, 776),
(844, 74, 777),
(845, 74, 778),
(846, 74, 779),
(847, 74, 780),
(848, 74, 781),
(849, 74, 782),
(850, 74, 783),
(851, 74, 784),
(852, 74, 785),
(853, 74, 786),
(854, 74, 787),
(855, 75, 779),
(856, 75, 788),
(857, 75, 777),
(858, 75, 789),
(859, 75, 790),
(860, 75, 781),
(861, 75, 791),
(862, 75, 792),
(863, 75, 783),
(864, 75, 793),
(865, 75, 794),
(866, 75, 786),
(867, 75, 782),
(868, 75, 785),
(869, 75, 795),
(870, 76, 796),
(871, 76, 797),
(872, 76, 798),
(873, 76, 799),
(874, 76, 800),
(875, 76, 801),
(876, 76, 566),
(877, 76, 802),
(878, 76, 803),
(879, 76, 804),
(880, 76, 805),
(881, 76, 806),
(882, 76, 807),
(883, 77, 808),
(884, 77, 809),
(885, 77, 810),
(886, 77, 804),
(887, 77, 805),
(888, 77, 811),
(889, 77, 812),
(890, 77, 806),
(891, 77, 813),
(892, 77, 807),
(893, 77, 797),
(894, 77, 566),
(895, 77, 802),
(896, 77, 803),
(897, 78, 814),
(898, 78, 815),
(899, 78, 816),
(900, 78, 817),
(901, 78, 818),
(902, 78, 819),
(903, 78, 820),
(904, 78, 821),
(905, 78, 822),
(906, 78, 823),
(907, 78, 824),
(908, 78, 825),
(909, 78, 53),
(910, 78, 826),
(911, 79, 824),
(912, 79, 827),
(913, 79, 828),
(914, 79, 825),
(915, 79, 53),
(916, 79, 829),
(917, 79, 830),
(918, 79, 826),
(919, 79, 831),
(920, 79, 832),
(921, 79, 816),
(922, 79, 818),
(923, 79, 821),
(924, 79, 822),
(925, 80, 222),
(926, 80, 833),
(927, 80, 834),
(928, 80, 835),
(929, 80, 229),
(930, 80, 836),
(931, 80, 837),
(932, 80, 838),
(933, 80, 839),
(934, 80, 840),
(935, 80, 841),
(936, 80, 842),
(937, 80, 843),
(938, 81, 844),
(939, 81, 845),
(940, 81, 846),
(941, 81, 847),
(942, 81, 848),
(943, 81, 849),
(944, 81, 850),
(945, 81, 851),
(946, 81, 852),
(947, 81, 853),
(948, 81, 854),
(949, 81, 855),
(950, 82, 856),
(951, 82, 857),
(952, 82, 858),
(953, 82, 859),
(954, 82, 860),
(955, 82, 861),
(956, 82, 862),
(957, 82, 863),
(958, 82, 864),
(959, 82, 865),
(960, 82, 866),
(961, 83, 867),
(962, 83, 868),
(963, 83, 869),
(964, 83, 870),
(965, 83, 871),
(966, 83, 872),
(967, 83, 873),
(968, 83, 874),
(969, 83, 875),
(970, 83, 876),
(971, 84, 316),
(972, 84, 317),
(973, 84, 318),
(974, 84, 319),
(975, 84, 320),
(976, 84, 877),
(977, 84, 322),
(978, 84, 323),
(979, 84, 878),
(980, 84, 42),
(981, 84, 326),
(982, 85, 879),
(983, 85, 840),
(984, 85, 880),
(985, 85, 881),
(986, 85, 882),
(987, 85, 883),
(988, 85, 884),
(989, 85, 885),
(990, 85, 886),
(991, 85, 887),
(992, 85, 888),
(993, 85, 889),
(994, 86, 890),
(995, 86, 891),
(996, 86, 823),
(997, 86, 892),
(998, 86, 893),
(999, 86, 894),
(1000, 86, 895),
(1001, 86, 896),
(1002, 86, 897),
(1003, 86, 898),
(1004, 86, 899),
(1005, 87, 900),
(1006, 87, 901),
(1007, 87, 315),
(1008, 87, 902),
(1009, 87, 475),
(1010, 87, 903),
(1011, 87, 904),
(1012, 87, 905),
(1013, 87, 906),
(1014, 87, 907),
(1015, 87, 908),
(1016, 88, 909),
(1017, 88, 910),
(1018, 88, 911),
(1019, 88, 345),
(1020, 88, 912),
(1021, 88, 913),
(1022, 88, 914),
(1023, 88, 915),
(1024, 88, 916),
(1025, 88, 917),
(1026, 88, 918),
(1027, 89, 919),
(1028, 89, 920),
(1029, 89, 921),
(1030, 89, 922),
(1031, 89, 923),
(1032, 89, 924),
(1033, 89, 925),
(1034, 89, 926),
(1035, 89, 927),
(1036, 89, 928),
(1037, 89, 929),
(1038, 90, 930),
(1039, 90, 786),
(1040, 90, 931),
(1041, 90, 932),
(1042, 90, 933),
(1043, 90, 934),
(1044, 90, 784),
(1045, 90, 935),
(1046, 90, 778),
(1047, 90, 936),
(1048, 90, 937),
(1049, 91, 938),
(1050, 91, 939),
(1051, 91, 940),
(1052, 91, 189),
(1053, 91, 941),
(1054, 91, 942),
(1055, 91, 943),
(1056, 91, 944),
(1057, 91, 945),
(1058, 91, 946),
(1059, 91, 947),
(1060, 92, 948),
(1061, 92, 949),
(1062, 92, 950),
(1063, 92, 951),
(1064, 92, 952),
(1065, 92, 953),
(1066, 92, 954),
(1067, 92, 955),
(1068, 92, 956),
(1069, 92, 957),
(1070, 93, 958),
(1071, 93, 959),
(1072, 93, 960),
(1073, 93, 961),
(1074, 93, 962),
(1075, 93, 963),
(1076, 93, 964),
(1077, 93, 965),
(1078, 93, 966),
(1079, 93, 967),
(1080, 93, 968),
(1081, 94, 969),
(1082, 94, 970),
(1083, 94, 500),
(1084, 94, 971),
(1085, 94, 972),
(1086, 94, 973),
(1087, 94, 974),
(1088, 94, 975),
(1089, 94, 976),
(1090, 94, 977),
(1091, 95, 978),
(1092, 95, 979),
(1093, 95, 980),
(1094, 95, 981),
(1095, 95, 982),
(1096, 95, 983),
(1097, 95, 984),
(1098, 95, 985),
(1099, 95, 986),
(1100, 95, 987),
(1101, 95, 988),
(1102, 95, 989),
(1103, 96, 990),
(1104, 96, 991),
(1105, 96, 517),
(1106, 96, 992),
(1107, 96, 993),
(1108, 96, 994),
(1109, 96, 521),
(1110, 96, 995),
(1111, 96, 996),
(1112, 96, 997),
(1113, 97, 998),
(1114, 97, 999),
(1115, 97, 614),
(1116, 97, 202),
(1117, 97, 1000),
(1118, 97, 1001),
(1119, 97, 1002),
(1120, 97, 1003),
(1121, 97, 1004),
(1122, 97, 1005),
(1123, 97, 1006),
(1124, 97, 1007),
(1125, 98, 948),
(1126, 98, 1008),
(1127, 98, 1009),
(1128, 98, 1010),
(1129, 98, 1011),
(1130, 98, 1012),
(1131, 98, 1013),
(1132, 98, 1014),
(1133, 98, 1015),
(1134, 98, 1016),
(1135, 99, 1017),
(1136, 99, 1018),
(1137, 99, 1019),
(1138, 99, 1020),
(1139, 99, 1021),
(1140, 99, 1022),
(1141, 99, 1023),
(1142, 99, 1024),
(1143, 99, 1025),
(1144, 99, 1026),
(1145, 99, 1027),
(1146, 100, 1028),
(1147, 100, 1029),
(1148, 100, 1030),
(1149, 100, 1031),
(1150, 100, 1032),
(1151, 100, 1033),
(1152, 100, 1034),
(1153, 100, 1035),
(1154, 100, 1036),
(1155, 100, 1037),
(1156, 101, 1038),
(1157, 101, 1039),
(1158, 101, 1040),
(1159, 101, 1041),
(1160, 101, 1042),
(1161, 101, 1043),
(1162, 101, 1044),
(1163, 101, 1045),
(1164, 101, 1046),
(1165, 101, 822),
(1166, 101, 1047),
(1167, 102, 1048),
(1168, 102, 1049),
(1169, 102, 1050),
(1170, 102, 1051),
(1171, 102, 1052),
(1172, 102, 1053),
(1173, 102, 1054),
(1174, 102, 1055),
(1175, 102, 1056),
(1176, 102, 1057),
(1177, 102, 1058),
(1178, 102, 1059),
(1179, 103, 1060),
(1180, 103, 1061),
(1181, 103, 1062),
(1182, 103, 1063),
(1183, 103, 1064),
(1184, 103, 1065),
(1185, 103, 1066),
(1186, 103, 1067),
(1187, 103, 1068),
(1188, 103, 1069),
(1189, 104, 1070),
(1190, 104, 1071),
(1191, 104, 1072),
(1192, 104, 1073),
(1193, 104, 1074),
(1194, 104, 1075),
(1195, 104, 1076),
(1196, 104, 1077),
(1197, 104, 1078),
(1198, 104, 1079),
(1199, 105, 1080),
(1200, 105, 1081),
(1201, 105, 1082),
(1202, 105, 1083),
(1203, 105, 1084),
(1204, 105, 1085),
(1205, 105, 1086),
(1206, 105, 1087),
(1207, 105, 1088),
(1208, 105, 1089),
(1209, 105, 1090),
(1210, 106, 1091),
(1211, 106, 1092),
(1212, 106, 1093),
(1213, 106, 1094),
(1214, 106, 1095),
(1215, 106, 1096),
(1216, 106, 1097),
(1217, 106, 1098),
(1218, 106, 1099),
(1219, 106, 1100),
(1220, 107, 1101),
(1221, 107, 1092),
(1222, 107, 1102),
(1223, 107, 1094),
(1224, 107, 1095),
(1225, 107, 1096),
(1226, 107, 1097),
(1227, 107, 1103),
(1228, 107, 1099),
(1229, 107, 1100),
(1230, 107, 1104),
(1231, 108, 1105),
(1232, 108, 1106),
(1233, 108, 798),
(1234, 108, 799),
(1235, 108, 1107),
(1236, 108, 801),
(1237, 108, 1108),
(1238, 108, 1109),
(1239, 108, 1110),
(1240, 108, 1111),
(1241, 108, 1112),
(1242, 109, 1105),
(1243, 109, 1106),
(1244, 109, 1113),
(1245, 109, 1114),
(1246, 109, 1107),
(1247, 109, 1115),
(1248, 109, 1108),
(1249, 109, 1109),
(1250, 109, 1110),
(1251, 109, 1111),
(1252, 109, 1112),
(1253, 110, 1116),
(1254, 110, 1117),
(1255, 110, 1118),
(1256, 110, 1119),
(1257, 110, 311),
(1258, 110, 1120),
(1259, 110, 612),
(1260, 110, 1121),
(1261, 110, 1122),
(1262, 110, 1123),
(1263, 110, 1124),
(1264, 110, 1125),
(1265, 110, 1126),
(1266, 111, 1127),
(1267, 111, 1128),
(1268, 111, 313),
(1269, 111, 1129),
(1270, 111, 1130),
(1271, 111, 1131),
(1272, 111, 1132),
(1273, 111, 1133),
(1274, 111, 1134),
(1275, 111, 1135),
(1276, 111, 1136),
(1277, 112, 1127),
(1278, 112, 1128),
(1279, 112, 313),
(1280, 112, 1137),
(1281, 112, 1138),
(1282, 112, 1131),
(1283, 112, 1139),
(1284, 112, 1140),
(1285, 112, 1134),
(1286, 112, 1141),
(1287, 112, 1136),
(1288, 112, 1142),
(1289, 113, 1143),
(1290, 113, 1144),
(1291, 113, 1145),
(1292, 113, 1146),
(1293, 113, 1147),
(1294, 113, 1148),
(1295, 113, 1149),
(1296, 113, 1150),
(1297, 113, 1151),
(1298, 113, 1152),
(1299, 113, 1153),
(1300, 114, 1154),
(1301, 114, 1155),
(1302, 114, 1),
(1303, 114, 1156),
(1304, 114, 1157),
(1305, 114, 1158),
(1306, 114, 1149),
(1307, 114, 1150),
(1308, 114, 1151),
(1309, 114, 1152),
(1310, 114, 1153),
(1311, 114, 1159),
(1312, 115, 1160),
(1313, 115, 1161),
(1314, 115, 324),
(1315, 115, 1162),
(1316, 115, 1163),
(1317, 115, 1164),
(1318, 115, 1165),
(1319, 115, 1166),
(1320, 115, 1167),
(1321, 115, 1168),
(1322, 115, 645),
(1323, 115, 1169),
(1324, 115, 1170),
(1325, 116, 1171),
(1326, 116, 1172),
(1327, 116, 1173),
(1328, 116, 1174),
(1329, 116, 1175),
(1330, 116, 1176),
(1331, 116, 1177),
(1332, 116, 1178),
(1333, 116, 1179),
(1334, 116, 1180),
(1335, 116, 1181),
(1336, 117, 1182),
(1337, 117, 1183),
(1338, 117, 1184),
(1339, 117, 1185),
(1340, 117, 1186),
(1341, 117, 1187),
(1342, 117, 1188),
(1343, 117, 1189),
(1344, 117, 1190),
(1345, 117, 1191),
(1346, 117, 1192),
(1347, 117, 1193),
(1348, 117, 1194),
(1349, 118, 1195),
(1350, 118, 1196),
(1351, 118, 1197),
(1352, 118, 1198),
(1353, 118, 320),
(1354, 118, 877),
(1355, 118, 322),
(1356, 118, 1199),
(1357, 118, 878),
(1358, 118, 1200),
(1359, 119, 1201),
(1360, 119, 1202),
(1361, 119, 1203),
(1362, 119, 32),
(1363, 119, 1204),
(1364, 119, 1205),
(1365, 119, 1206),
(1366, 119, 1207),
(1367, 119, 1208),
(1368, 120, 1209),
(1369, 120, 1210),
(1370, 120, 1211),
(1371, 120, 35),
(1372, 120, 1212),
(1373, 120, 1213),
(1374, 120, 614),
(1375, 121, 1214),
(1376, 121, 1215),
(1377, 121, 1216),
(1378, 121, 1217),
(1379, 121, 1218),
(1380, 121, 1219),
(1381, 121, 1220),
(1382, 121, 1221),
(1394, 123, 1222),
(1395, 123, 1223),
(1396, 123, 1224),
(1397, 123, 1225),
(1398, 123, 1226),
(1399, 123, 1227),
(1400, 123, 1228),
(1401, 123, 1229),
(1402, 123, 1230),
(1403, 124, 1231),
(1404, 124, 1232),
(1405, 124, 1233),
(1406, 124, 1234),
(1407, 124, 1235),
(1408, 124, 1236),
(1409, 124, 1237),
(1410, 124, 1238),
(1411, 125, 1239),
(1412, 125, 1240),
(1413, 125, 1241),
(1414, 125, 1242),
(1415, 125, 1243),
(1416, 125, 1244),
(1417, 125, 1245),
(1418, 125, 1246),
(1419, 125, 1247),
(1420, 125, 1248),
(1421, 125, 1249),
(1422, 126, 1239),
(1423, 126, 1242),
(1424, 126, 1250),
(1425, 126, 1251),
(1426, 126, 1252),
(1427, 126, 1253),
(1428, 126, 1243),
(1429, 126, 733),
(1430, 126, 1245),
(1431, 126, 1249),
(1432, 127, 411),
(1433, 127, 412),
(1434, 127, 413),
(1435, 127, 414),
(1436, 127, 1254),
(1437, 127, 1255),
(1438, 127, 1256),
(1439, 127, 1257),
(1440, 127, 419),
(1441, 127, 1258),
(1442, 127, 1259),
(1443, 127, 422),
(1444, 128, 1260),
(1445, 128, 1261),
(1446, 128, 1262),
(1447, 128, 1263),
(1448, 128, 1264),
(1449, 128, 1265),
(1450, 128, 1266),
(1451, 128, 1267),
(1452, 128, 1268),
(1453, 128, 1269),
(1454, 128, 1270),
(1455, 128, 1271),
(1456, 129, 1272),
(1457, 129, 1273),
(1458, 129, 1274),
(1459, 129, 1275),
(1460, 129, 1276),
(1461, 129, 1277),
(1462, 129, 1278),
(1463, 129, 1279),
(1464, 129, 1280),
(1465, 129, 1281),
(1466, 130, 1282),
(1467, 130, 1283),
(1468, 130, 1284),
(1469, 130, 1285),
(1470, 130, 1286),
(1471, 130, 1287),
(1472, 130, 1288),
(1473, 130, 1289),
(1474, 130, 1290),
(1475, 130, 1291),
(1476, 131, 475),
(1477, 131, 476),
(1478, 131, 477),
(1479, 131, 478),
(1480, 131, 479),
(1481, 131, 480),
(1482, 131, 481),
(1483, 131, 482),
(1484, 131, 483),
(1485, 131, 484),
(1486, 131, 485),
(1487, 132, 1292),
(1488, 132, 1293),
(1489, 132, 1294),
(1490, 132, 1295),
(1491, 132, 225),
(1492, 132, 1296),
(1493, 132, 1297),
(1494, 132, 1298),
(1495, 133, 165),
(1496, 133, 1299),
(1497, 133, 168),
(1498, 133, 169),
(1499, 133, 172),
(1500, 133, 1300),
(1501, 133, 1301),
(1502, 133, 1302),
(1503, 133, 1303),
(1504, 133, 1304),
(1505, 134, 167),
(1506, 134, 168),
(1507, 134, 170),
(1508, 134, 171),
(1509, 134, 173),
(1510, 134, 1300),
(1511, 134, 1305),
(1512, 134, 1303),
(1513, 134, 1302),
(1514, 134, 1306),
(1515, 134, 1307),
(1516, 135, 1308),
(1517, 135, 594),
(1518, 135, 1309),
(1519, 135, 1310),
(1520, 135, 1311),
(1521, 135, 1312),
(1522, 135, 1313),
(1523, 135, 1314),
(1524, 135, 1315),
(1525, 135, 1316),
(1526, 136, 1317),
(1527, 136, 1318),
(1528, 136, 1309),
(1529, 136, 1310),
(1530, 136, 1319),
(1531, 136, 1312),
(1532, 136, 1313),
(1533, 136, 1314),
(1534, 136, 1320),
(1535, 136, 1316),
(1536, 137, 496),
(1537, 137, 497),
(1538, 137, 498),
(1539, 137, 499),
(1540, 137, 500),
(1541, 137, 501),
(1542, 137, 502),
(1543, 137, 503),
(1544, 137, 504),
(1545, 137, 505),
(1546, 138, 496),
(1547, 138, 1321),
(1548, 138, 498),
(1549, 138, 1322),
(1550, 138, 1323),
(1551, 138, 501),
(1552, 138, 502),
(1553, 138, 503),
(1554, 138, 1324),
(1555, 138, 505),
(1556, 138, 1325),
(1557, 138, 1326),
(1558, 139, 1327),
(1559, 139, 1328),
(1560, 139, 1329),
(1561, 139, 499),
(1562, 139, 1330),
(1563, 139, 1331),
(1564, 139, 1332),
(1565, 139, 1333),
(1566, 139, 1334),
(1567, 140, 1335),
(1568, 140, 1336),
(1569, 140, 1337),
(1570, 140, 1338),
(1571, 140, 1339),
(1572, 140, 1340),
(1573, 140, 1341),
(1574, 140, 1342),
(1575, 140, 1343),
(1576, 140, 1344),
(1577, 141, 515),
(1578, 141, 355),
(1579, 141, 516),
(1580, 141, 517),
(1581, 141, 518),
(1582, 141, 519),
(1583, 141, 360),
(1584, 141, 520),
(1585, 141, 521),
(1586, 141, 522),
(1587, 142, 515),
(1588, 142, 1345),
(1589, 142, 516),
(1590, 142, 1346),
(1591, 142, 518),
(1592, 142, 519),
(1593, 142, 1347),
(1594, 142, 520),
(1595, 142, 1348),
(1596, 142, 522);

INSERT INTO `com_catalogsystem_set` (`id`, `name`, `zip_link`) VALUES
(1, 'Various 2022-07-23', 'https://rtpc.ucfprogrammingteam.org/index.php/downloads/category/41-2021-2022?download=776:judge-solutions-and-data-07-23-22'),
(2, 'UCF Custom Set #14', 'https://rtpc.ucfprogrammingteam.org/index.php/downloads/category/41-2021-2022?download=775:judge-solutions-and-data-07-09-22-joint'),
(3, '2013 AMPPZ', 'https://rtpc.ucfprogrammingteam.org/index.php/downloads/category/41-2021-2022?download=774:judge-solutions-and-data-06-18-22-joint'),
(4, 'UCF Custom Set #0006', 'https://rtpc.ucfprogrammingteam.org/index.php/downloads/category/41-2021-2022?download=773:judge-solutions-and-data-06-04-22-joint'),
(5, 'UCF0011', 'https://rtpc.ucfprogrammingteam.org/index.php/downloads/category/41-2021-2022?download=772:judge-solutions-and-data-05-14-22'),
(6, '2020 Northwest Europe Regional Programming Contest', 'https://rtpc.ucfprogrammingteam.org/index.php/downloads/category/41-2021-2022?download=771:judge-solutions-and-data-04-23-22-joint'),
(7, 'Various 2022-04-16 (JV)', 'https://rtpc.ucfprogrammingteam.org/index.php/downloads/category/41-2021-2022?download=770:judge-solutions-and-data-04-16-22-jv'),
(8, 'Various 2022-04-16 (V)', 'https://rtpc.ucfprogrammingteam.org/index.php/downloads/category/41-2021-2022?download=769:judge-solutions-and-data-04-16-22-v'),
(9, '2019 North America Qualifier & 2020 Asia Seoul Regional Programming Contest', 'https://rtpc.ucfprogrammingteam.org/index.php/downloads/category/41-2021-2022?download=768:judge-solutions-and-data-04-09-22-jv'),
(10, '2020 Asia Seoul Regional Programming Contest', 'https://rtpc.ucfprogrammingteam.org/index.php/downloads/category/41-2021-2022?download=767:judge-solutions-and-data-04-09-22-v'),
(11, '2018 Nordic Collegiate Programming Contest', 'https://rtpc.ucfprogrammingteam.org/index.php/downloads/category/41-2021-2022?download=766:judge-solutions-and-data-04-02-22-jv'),
(12, '2017 Northeast Europe Regional Programming Contest', 'https://rtpc.ucfprogrammingteam.org/index.php/downloads/category/41-2021-2022?download=765:judge-solutions-and-data-04-02-22-v'),
(13, '2014 Northeast Europe Regional Programming Contest', 'https://rtpc.ucfprogrammingteam.org/index.php/downloads/category/41-2021-2022?download=764:judge-solutions-and-data-03-26-22-v'),
(14, 'Various 2022-03-19', 'https://rtpc.ucfprogrammingteam.org/index.php/downloads/category/41-2021-2022?download=763:judge-solutions-and-data-03-19-22-jv'),
(15, '2018 Asia Yokohama Regional Programming Contest', 'https://rtpc.ucfprogrammingteam.org/index.php/downloads/category/41-2021-2022?download=762:judge-solutions-and-data-03-19-22-v'),
(16, '2016 Nordic Collegiate Programming Contest', 'https://rtpc.ucfprogrammingteam.org/index.php/downloads/category/41-2021-2022?download=761:judge-solutions-and-data-02-26-22-jv'),
(17, '2019 Asia Jakarta Regional Programming Contest', 'https://rtpc.ucfprogrammingteam.org/index.php/downloads/category/41-2021-2022?download=760:judge-solutions-and-data-02-26-22-v'),
(18, '2020 Northeast Europe Regional Programming Contest Offline', 'https://rtpc.ucfprogrammingteam.org/index.php/downloads/category/41-2021-2022?download=759:judge-solutions-and-data-02-19-22-v'),
(19, '2019 Mercer Spring Programming Contest', 'https://rtpc.ucfprogrammingteam.org/index.php/downloads/category/41-2021-2022?download=758:judge-solutions-and-data-02-12-22-jv'),
(20, 'Various 2022-02-12', 'https://rtpc.ucfprogrammingteam.org/index.php/downloads/category/41-2021-2022?download=757:judge-solutions-and-and-data-02-12-22-v'),
(21, '2019 Southeast Regional Programming Contest, Division 2', 'https://rtpc.ucfprogrammingteam.org/index.php/downloads/category/41-2021-2022?download=756:judge-solutions-and-data-02-05-22-both'),
(22, '2020 Mercer Spring Programming Contest & 2020 Greater New York Regional Programming Contest', 'https://rtpc.ucfprogrammingteam.org/index.php/downloads/category/41-2021-2022?download=755:judge-solutions-and-data-01-29-22-jv'),
(23, '2020 Greater New York Regional Programming Contest', 'https://rtpc.ucfprogrammingteam.org/index.php/downloads/category/41-2021-2022?download=754:judge-solutions-and-data-01-29-22-v'),
(24, '2017 North American Qualifier (NAQ)', 'https://rtpc.ucfprogrammingteam.org/index.php/downloads/category/41-2021-2022?download=753:judge-solutions-and-data-01-15-22-jv'),
(25, '2020 Northwest Europe Regional Programming Contest ONLINE SET', 'https://rtpc.ucfprogrammingteam.org/index.php/downloads/category/41-2021-2022?download=752:judge-solutions-and-data-01-15-22-v'),
(26, '2017 Mercer Spring Programming Contest & 2015 Asia Phuket Regional Programming Contest', 'https://rtpc.ucfprogrammingteam.org/index.php/downloads/category/41-2021-2022?download=751:judge-solutions-and-data-01-08-22-jv'),
(27, '2015 Asia Phuket Regional Programming Contest', 'https://rtpc.ucfprogrammingteam.org/index.php/downloads/category/41-2021-2022?download=750:judge-solutions-and-data-01-08-22-v'),
(28, 'Tomasz 2022-01-05', 'https://rtpc.ucfprogrammingteam.org/index.php/downloads/category/41-2021-2022?download=749:judge-solutions-and-data-01-05-22-tomasz-camp'),
(29, 'Tomasz 2022-01-03', 'https://rtpc.ucfprogrammingteam.org/index.php/downloads/category/41-2021-2022?download=748:judge-solutions-and-data-01-03-22-tomas-camp'),
(30, 'Various 2021-12-11', 'https://rtpc.ucfprogrammingteam.org/index.php/downloads/category/41-2021-2022?download=747:judge-solutions-and-data-12-11-21-jv'),
(31, '2014 Central Europe Regional Programming Contest', 'https://rtpc.ucfprogrammingteam.org/index.php/downloads/category/41-2021-2022?download=746:judge-solutions-and-data-12-11-21-v'),
(32, 'Various 2021-12-04', 'https://rtpc.ucfprogrammingteam.org/index.php/downloads/category/41-2021-2022?download=745:judge-solutions-and-data-12-04-21-jv'),
(33, '2017 Northwest European Regional Programming Contest', 'https://rtpc.ucfprogrammingteam.org/index.php/downloads/category/41-2021-2022?download=744:judge-solutions-and-data-12-04-21-v'),
(34, 'Various 2021-11-20', 'https://rtpc.ucfprogrammingteam.org/index.php/downloads/category/41-2021-2022?download=743:judge-solutions-and-data-11-20-21-jv'),
(35, '2015 Central European Regional Programming Contest', 'https://rtpc.ucfprogrammingteam.org/index.php/downloads/category/41-2021-2022?download=742:judge-solutions-and-data-11-20-21-v'),
(36, 'Various 2021-11-13', 'https://rtpc.ucfprogrammingteam.org/index.php/downloads/category/41-2021-2022?download=741:judge-solutions-and-data-11-13-21-jv'),
(37, '2018 German Collegiate Programming Contest', 'https://rtpc.ucfprogrammingteam.org/index.php/downloads/category/41-2021-2022?download=740:judge-solutions-and-data-11-13-21-v'),
(38, 'Various 2021-11-06 (JV)', 'https://rtpc.ucfprogrammingteam.org/index.php/downloads/category/41-2021-2022?download=739:judge-solutions-and-data-11-06-21-jv'),
(39, 'Various 2021-11-06 (V)\r\n', 'https://rtpc.ucfprogrammingteam.org/index.php/downloads/category/41-2021-2022?download=738:judge-solutions-and-data-11-06-21-v'),
(40, 'Mixture of 2013 Mercer Spring Programming Contest and 2020 German Collegiate Programming Contest (prob5, prob7, prob10, prob11)', 'https://rtpc.ucfprogrammingteam.org/index.php/downloads/category/41-2021-2022?download=737:judge-solutions-and-data-10-23-21-jv'),
(41, '2020 German Collegiate Programming Contest', 'https://rtpc.ucfprogrammingteam.org/index.php/downloads/category/41-2021-2022?download=736:judge-solutions-and-data-10-23-21-v'),
(42, '2015 Mercer Spring Programming Contest (prob 1-10 only)', 'https://rtpc.ucfprogrammingteam.org/index.php/downloads/category/41-2021-2022?download=735:judge-solutions-and-data-10-16-21-jv'),
(43, '2017 Nordic Collegiate Programming Contest', 'https://rtpc.ucfprogrammingteam.org/index.php/downloads/category/41-2021-2022?download=734:judge-solutions-and-data-10-16-21-v'),
(44, '2016 Southeast Regional Programming Contest Division 2', 'https://rtpc.ucfprogrammingteam.org/index.php/downloads/category/41-2021-2022?download=733:judge-solutions-and-data-10-09-21-jv'),
(45, 'UCF Custom Set #78', 'https://rtpc.ucfprogrammingteam.org/index.php/downloads/category/41-2021-2022?download=732:judge-solutions-and-data-10-09-21-v'),
(46, 'Various 2021-10-02 (JV)', 'https://rtpc.ucfprogrammingteam.org/index.php/downloads/category/41-2021-2022?download=731:judge-solutions-and-data-10-02-21-jv'),
(47, 'Various 2021-10-02 (V)', 'https://rtpc.ucfprogrammingteam.org/index.php/downloads/category/41-2021-2022?download=730:judge-solutions-and-data-10-02-21-v'),
(48, 'Various 2021-09-25 (JV)', 'https://rtpc.ucfprogrammingteam.org/index.php/downloads/category/41-2021-2022?download=729:judge-solutions-and-data-09-25-21-jv'),
(49, 'Various 2021-09-25 (V)', 'https://rtpc.ucfprogrammingteam.org/index.php/downloads/category/41-2021-2022?download=728:judge-solutions-and-data-09-25-21-v'),
(50, 'Various 2021-09-18 (JV)', 'https://rtpc.ucfprogrammingteam.org/index.php/downloads/category/41-2021-2022?download=727:judge-solutions-and-data-09-18-21-jv'),
(51, '2012 Rocky Mountain Regional Programming Contest', 'https://rtpc.ucfprogrammingteam.org/index.php/downloads/category/40-2020-2021?download=725:judge-solutions-and-data-07-24-21-jv'),
(52, 'Various 2021-07-24', 'https://rtpc.ucfprogrammingteam.org/index.php/downloads/category/40-2020-2021?download=724:judge-solutions-and-data-07-24-21-v'),
(53, '2015 Greater New York Regional Programming Contest', 'https://rtpc.ucfprogrammingteam.org/index.php/downloads/category/40-2020-2021?download=723:judge-solutions-and-data-07-10-21-jv'),
(54, 'Various 2021-07-10', 'https://rtpc.ucfprogrammingteam.org/index.php/downloads/category/40-2020-2021?download=722:judge-solutions-and-data-07-10-21-v'),
(55, '2009 Southeast USA Regional Programming Contest', 'https://rtpc.ucfprogrammingteam.org/index.php/downloads/category/40-2020-2021?download=721:judge-solutions-and-data-06-19-21-jv'),
(56, '2007 Central European Regional Programming Contest', 'https://rtpc.ucfprogrammingteam.org/index.php/downloads/category/40-2020-2021?download=720:judge-solutions-and-data-06-19-21-v'),
(57, '2016 Southeast Regional Programming Contest, Division 2', 'https://rtpc.ucfprogrammingteam.org/index.php/downloads/category/40-2020-2021?download=719:judge-solutions-and-data-06-05-21-jv'),
(58, '2015 South Pacific Regional Programming Contest', 'https://rtpc.ucfprogrammingteam.org/index.php/downloads/category/40-2020-2021?download=718:judge-solutions-and-data-06-05-21-v'),
(59, '2017 SE Regionals (Division 2)', 'https://rtpc.ucfprogrammingteam.org/index.php/downloads/category/40-2020-2021?download=717:judge-solutions-and-data-04-17-21-jv'),
(60, 'Tomasz 2021-04-16', 'https://rtpc.ucfprogrammingteam.org/index.php/downloads/category/40-2020-2021?download=716:judge-solutions-and-data-04-16-21-tomasz-camp'),
(61, 'Tomasz 2021-04-15', 'https://rtpc.ucfprogrammingteam.org/index.php/downloads/category/40-2020-2021?download=715:judge-solutions-and-data-04-15-21-tomasz-camp'),
(62, 'Tomasz 2021-04-14', 'https://rtpc.ucfprogrammingteam.org/index.php/downloads/category/40-2020-2021?download=714:judge-solutions-and-data-04-14-21-tomasz-camp'),
(63, 'Tomasz 2021-04-13', 'https://rtpc.ucfprogrammingteam.org/index.php/downloads/category/40-2020-2021?download=713:judge-solutions-and-data-04-13-21-tomasz-camp'),
(64, 'Tomasz 2021-04-12', 'https://rtpc.ucfprogrammingteam.org/index.php/downloads/category/40-2020-2021?download=712:judge-solutions-and-data-04-12-21-tomasz-camp'),
(65, '2016 Rocky Mountain Regional Programming Contest', 'https://rtpc.ucfprogrammingteam.org/index.php/downloads/category/40-2020-2021?download=711:judge-solutions-and-data-04-10-21-jv'),
(66, 'Portions of 2020 Northwestern Russia Regional Contest', 'https://rtpc.ucfprogrammingteam.org/index.php/downloads/category/40-2020-2021?download=710:judge-solutions-and-data-04-10-21-v'),
(67, 'Various (but mostly 2018 CERC)', 'https://rtpc.ucfprogrammingteam.org/index.php/downloads/category/40-2020-2021?download=709:judge-solutions-and-data-04-03-21'),
(68, 'Various 2021-03-27', 'https://rtpc.ucfprogrammingteam.org/index.php/downloads/category/40-2020-2021?download=708:judge-solutions-and-data-03-27-21'),
(69, '2016 German Collegiate Programming Contest', 'https://rtpc.ucfprogrammingteam.org/index.php/downloads/category/40-2020-2021?download=707:judge-solutions-and-data-03-13-21-jv'),
(70, 'Various 2021-03-13', 'https://rtpc.ucfprogrammingteam.org/index.php/downloads/category/40-2020-2021?download=706:judge-solutions-and-data-03-13-21-v'),
(71, 'Various 2021-02-27', 'https://rtpc.ucfprogrammingteam.org/index.php/downloads/category/40-2020-2021?download=705:judge-solutions-and-data-02-27-21'),
(72, 'Various 2021-02-13', 'https://rtpc.ucfprogrammingteam.org/index.php/downloads/category/40-2020-2021?download=704:judge-solutions-and-data-02-13-2021-both'),
(73, 'Various from 2014 SE Regionals', 'https://rtpc.ucfprogrammingteam.org/index.php/downloads/category/40-2020-2021?download=703:judge-solutions-and-data-02-06-21-jv'),
(74, 'Various 2021-01-23 (JV)', 'https://rtpc.ucfprogrammingteam.org/index.php/downloads/category/40-2020-2021?download=702:judge-solutions-and-data-01-23-21-jv'),
(75, 'Various 2021-01-23 (V)', 'https://rtpc.ucfprogrammingteam.org/index.php/downloads/category/40-2020-2021?download=701:judge-solutions-and-data-01-23-21-v'),
(76, 'Various 2021-01-16 (JV)', 'https://rtpc.ucfprogrammingteam.org/index.php/downloads/category/40-2020-2021?download=700:judge-solutions-and-data-01-16-21-jv'),
(77, 'Various 2021-01-16 (V)', 'https://rtpc.ucfprogrammingteam.org/index.php/downloads/category/40-2020-2021?download=699:judge-solutions-and-data-01-16-21-v'),
(78, 'Various 2021-01-09 (JV)', 'https://rtpc.ucfprogrammingteam.org/index.php/downloads/category/40-2020-2021?download=698:judge-solutions-and-data-01-09-21-jv'),
(79, 'Various 2021-01-09 (V)', 'https://rtpc.ucfprogrammingteam.org/index.php/downloads/category/40-2020-2021?download=697:judge-solutions-and-data-01-09-21-v'),
(80, '2019 Pacific Northwest Regional Programming Contest (Division 2)', 'https://rtpc.ucfprogrammingteam.org/index.php/downloads/category/40-2020-2021?download=696:judge-solutions-and-data-12-12-20-jv'),
(81, '2016 Central European Regional Programming Contest', 'https://rtpc.ucfprogrammingteam.org/index.php/downloads/category/40-2020-2021?download=695:judge-solutions-and-data-12-12-20-v'),
(82, '2015 North American Qualifier', 'https://rtpc.ucfprogrammingteam.org/index.php/downloads/category/40-2020-2021?download=694:judge-solutions-and-data-12-05-20-jv'),
(83, '2018 CTU Open Programming Contest', 'https://rtpc.ucfprogrammingteam.org/index.php/downloads/category/40-2020-2021?download=693:judge-solutions-and-data-12-05-20-v'),
(84, '2015 Southeast USA Regional Programming Contest (Division 2)', 'https://rtpc.ucfprogrammingteam.org/index.php/downloads/category/40-2020-2021?download=692:judge-solutions-and-data-11-21-20-jv'),
(85, '2015 Northeast European Northern Subregional Programming Contest', 'https://rtpc.ucfprogrammingteam.org/index.php/downloads/category/40-2020-2021?download=691:judge-solutions-and-data-11-21-20-v'),
(86, 'Various 2020-11-14 (JV)', 'https://rtpc.ucfprogrammingteam.org/index.php/downloads/category/40-2020-2021?download=690:judge-solutions-and-data-11-14-20-jv'),
(87, 'Various 2020-11-14 (V)', 'https://rtpc.ucfprogrammingteam.org/index.php/downloads/category/40-2020-2021?download=689:judge-solutions-and-data-11-14-20-v'),
(88, 'Various 2020-11-07 (JV)', 'https://rtpc.ucfprogrammingteam.org/index.php/downloads/category/40-2020-2021?download=688:judge-solutions-and-data-11-07-20-jv'),
(89, 'Various 2020-11-07 (V)', 'https://rtpc.ucfprogrammingteam.org/index.php/downloads/category/40-2020-2021?download=687:judge-solutions-and-data-11-07-20-v'),
(90, 'Various 2020-10-30 (JV)', 'https://rtpc.ucfprogrammingteam.org/index.php/downloads/category/40-2020-2021?download=686:judge-solutions-and-data-10-31-20-jv'),
(91, 'Various 2020-10-30 (V)', 'https://rtpc.ucfprogrammingteam.org/index.php/downloads/category/40-2020-2021?download=685:judge-solutions-and-data-10-31-20-v'),
(92, 'Various 2020-10-17 (JV)', 'https://rtpc.ucfprogrammingteam.org/index.php/downloads/category/40-2020-2021?download=684:judge-solutions-and-data-10-17-20-jv'),
(93, 'Various 2020-10-17 (V)', 'https://rtpc.ucfprogrammingteam.org/index.php/downloads/category/40-2020-2021?download=683:judge-solutions-and-data-10-17-20-v'),
(94, 'Various 2020-10-10 (JV)', 'https://rtpc.ucfprogrammingteam.org/index.php/downloads/category/40-2020-2021?download=682:judge-solutions-and-data-10-10-20-jv'),
(95, '2019 Benelux Algorithm Programming Contest', 'https://rtpc.ucfprogrammingteam.org/index.php/downloads/category/40-2020-2021?download=681:judge-solutions-and-data-10-10-20-v'),
(96, 'Various 2020-10-03 (JV)', 'https://rtpc.ucfprogrammingteam.org/index.php/downloads/category/40-2020-2021?download=680:judge-solutions-and-data-10-03-20-jv'),
(97, '2019 AMPPZ', 'https://rtpc.ucfprogrammingteam.org/index.php/downloads/category/40-2020-2021?download=679:judge-solutions-and-data-10-03-20-v'),
(98, 'Various 2020-09-26 (JV)', 'https://rtpc.ucfprogrammingteam.org/index.php/downloads/category/40-2020-2021?download=678:judge-solutions-and-data-09-26-20-jv'),
(99, '2019 Greater New York Regional Programming Contest', 'https://rtpc.ucfprogrammingteam.org/index.php/downloads/category/40-2020-2021?download=677:judge-solutions-and-data-09-26-20-v'),
(100, '2011 Arab Collegiate Programming Contest', 'https://rtpc.ucfprogrammingteam.org/index.php/downloads/category/38-2019-2020?download=676:judge-solutions-and-data-07-25-20'),
(101, '2010 Nordic Collegiate Programming Contest', 'https://rtpc.ucfprogrammingteam.org/index.php/downloads/category/38-2019-2020?download=675:judge-solutions-and-data-07-11-20'),
(102, 'Various 2020-06-20 (V)', 'https://rtpc.ucfprogrammingteam.org/index.php/downloads/category/38-2019-2020?download=674:judge-solutions-and-data-06-20-20'),
(103, '2012 Asis Jakarta Regional Programming Contest', 'https://rtpc.ucfprogrammingteam.org/index.php/downloads/category/38-2019-2020?download=673:judge-solutions-and-data-06-06-20'),
(104, '2011 Asia Kanpur Regional Programming Contest', 'https://rtpc.ucfprogrammingteam.org/index.php/downloads/category/38-2019-2020?download=672:judge-solutions-and-data-05-23-20'),
(105, '2019 South Pacific Regional Programming Contest (Finals)', 'https://rtpc.ucfprogrammingteam.org/index.php/downloads/category/38-2019-2020?download=671:judge-solutions-and-data-04-18-20'),
(106, 'Various 2020-04-11 (JV)', 'https://rtpc.ucfprogrammingteam.org/index.php/downloads/category/38-2019-2020?download=670:judge-solutions-and-data-04-11-20-jv'),
(107, '2019 Southeastern European Regional Programming Contest', 'https://rtpc.ucfprogrammingteam.org/index.php/downloads/category/38-2019-2020?download=669:judge-solutions-and-data-04-11-20-v'),
(108, 'Various 2020-04-04 (JV)', 'https://rtpc.ucfprogrammingteam.org/index.php/downloads/category/38-2019-2020?download=668:judge-solutions-and-data-04-04-20-jv'),
(109, '2019 Asia Yokohama Regional Programming Contest', 'https://rtpc.ucfprogrammingteam.org/index.php/downloads/category/38-2019-2020?download=667:judge-solutions-and-data-04-04-20-v'),
(110, 'Various 2020-03-28', 'https://rtpc.ucfprogrammingteam.org/index.php/downloads/category/38-2019-2020?download=666:judge-solutions-and-data-03-28-20-v'),
(111, 'Various 2020-03-21', 'https://rtpc.ucfprogrammingteam.org/index.php/downloads/category/38-2019-2020?download=665:judge-solutions-and-data-03-21-20-jv'),
(112, '2019 Southwest Europe Regional Programming Contest', 'https://rtpc.ucfprogrammingteam.org/index.php/downloads/category/38-2019-2020?download=664:judge-solutions-and-data-03-21-20-v'),
(113, '2013 Mercer Spring Programming Contest', 'https://rtpc.ucfprogrammingteam.org/index.php/downloads/category/38-2019-2020?download=663:judge-solutions-and-data-03-07-20-jv'),
(114, 'Various 2020-03-07 (V)', 'https://rtpc.ucfprogrammingteam.org/index.php/downloads/category/38-2019-2020?download=662:judge-solutions-and-data-03-07-20-v'),
(115, 'Various 2020-02-29 (V)', 'https://rtpc.ucfprogrammingteam.org/index.php/downloads/category/38-2019-2020?download=661:judge-solutions-and-data-02-29-20-v'),
(116, '2015 German Collegiate Programming Contest', 'https://rtpc.ucfprogrammingteam.org/index.php/downloads/category/38-2019-2020?download=660:judge-solutions-and-data-02-15-20-jv'),
(117, '2019 Northwest Europe Regional Programming Contest', 'https://rtpc.ucfprogrammingteam.org/index.php/downloads/category/38-2019-2020?download=659:judge-solutions-and-data-02-15-20-v'),
(118, '2015 ACM ICPC Southeast USA Regional Programming Contest (Division 1)', 'https://rtpc.ucfprogrammingteam.org/index.php/downloads/category/38-2019-2020?download=658:judge-solutions-and-data-02-01-20-jv'),
(119, 'Tomasz Camp Contest #5', 'https://rtpc.ucfprogrammingteam.org/index.php/downloads/category/38-2019-2020?download=657:judge-solutions-and-data-01-30-20-tomasz-camp'),
(120, 'Tomasz Camp Contest #4', 'https://rtpc.ucfprogrammingteam.org/index.php/downloads/category/38-2019-2020?download=656:judge-solutions-and-data-01-28-20-tomasz-camp'),
(121, 'Tomasz Camp Contest #3', 'https://rtpc.ucfprogrammingteam.org/index.php/downloads/category/38-2019-2020?download=655:judge-solutions-and-data-01-26-20-tomasz-camp'),
(123, 'Tomasz Camp Contest #2', 'https://rtpc.ucfprogrammingteam.org/index.php/downloads/category/38-2019-2020?download=653:judge-solutions-and-data-01-25-20-v-tomasz-camp'),
(124, 'Tomasz Camp Contest #1', 'https://rtpc.ucfprogrammingteam.org/index.php/downloads/category/38-2019-2020?download=652:judge-solutions-and-data-01-23-20-tomasz-camp'),
(125, 'Various 2020-01-18 (JV)', 'https://rtpc.ucfprogrammingteam.org/index.php/downloads/category/38-2019-2020?download=651:judge-solutions-and-data-01-18-20-jv'),
(126, 'Various 2020-01-18 (V)', 'https://rtpc.ucfprogrammingteam.org/index.php/downloads/category/38-2019-2020?download=650:judge-solutions-and-data-01-18-20-v'),
(127, '2013 Mercer Spring Programming Contest', 'https://rtpc.ucfprogrammingteam.org/index.php/downloads/category/38-2019-2020?download=649:judge-solutions-and-data-01-11-20-jv'),
(128, 'Various 2020-01-11 (V)', 'https://rtpc.ucfprogrammingteam.org/index.php/downloads/category/38-2019-2020?download=648:judge-solutions-and-data-01-11-20-v'),
(129, '2011 Southeast Regional Programming Contest', 'https://rtpc.ucfprogrammingteam.org/index.php/downloads/category/38-2019-2020?download=647:judge-solutions-and-data-12-07-19-jv'),
(130, 'Various 2019-12-07 (V)', 'https://rtpc.ucfprogrammingteam.org/index.php/downloads/category/38-2019-2020?download=646:judge-solutions-and-data-12-07-19-v'),
(131, '2018 Southeast Regional Programming Contest (Division 2)', 'https://rtpc.ucfprogrammingteam.org/index.php/downloads/category/38-2019-2020?download=645:judge-solutions-and-data-11-23-19-jv'),
(132, '2015 North East North America Regional Programming Contest', 'https://rtpc.ucfprogrammingteam.org/index.php/downloads/category/38-2019-2020?download=644:judge-solutions-and-data-11-23-19-v'),
(133, 'Various 2019-11-02 (JV)', 'https://rtpc.ucfprogrammingteam.org/index.php/downloads/category/38-2019-2020?download=636:judge-solutions-and-data-11-02-19-jv'),
(134, 'Various 2019-11-02 (V)', 'https://rtpc.ucfprogrammingteam.org/index.php/downloads/category/38-2019-2020?download=635:judge-solutions-and-data-11-02-19-v'),
(135, 'Various 2019-10-19 (JV)', 'https://rtpc.ucfprogrammingteam.org/index.php/downloads/category/38-2019-2020?download=634:judge-solutions-and-data-10-19-19-jv'),
(136, '2017 East Central Regional Programming Contest', 'https://rtpc.ucfprogrammingteam.org/index.php/downloads/category/38-2019-2020?download=633:judge-solutions-and-data-10-19-19-v'),
(137, 'Various 2019-10-12 (JV)', 'https://rtpc.ucfprogrammingteam.org/index.php/downloads/category/38-2019-2020?download=632:judge-solutions-and-data-10-12-19-jv'),
(138, '2014 Asia Kuala Lumpur Regional Programming Contest', 'https://rtpc.ucfprogrammingteam.org/index.php/downloads/category/38-2019-2020?download=631:judge-solutions-and-data-10-12-19-v'),
(139, '2018 Northeast North America Regional Programming Contest', 'https://rtpc.ucfprogrammingteam.org/index.php/downloads/category/38-2019-2020?download=630:judge-solutions-and-data-10-05-19-v'),
(140, '2018 East Central Regional Programming Contest', 'https://rtpc.ucfprogrammingteam.org/index.php/downloads/category/38-2019-2020?download=629:judge-solutions-and-data-09-28-19-v'),
(141, 'Various 2019-09-21 (JV)', 'https://rtpc.ucfprogrammingteam.org/index.php/downloads/category/38-2019-2020?download=628:judge-solutions-and-data-09-21-19-jv'),
(142, '2018 Greater New York Regional Programming Contest', 'https://rtpc.ucfprogrammingteam.org/index.php/downloads/category/38-2019-2020?download=627:judge-solutions-and-data-09-21-19-v');

INSERT INTO `com_catalogsystem_source` (`id`, `name`) VALUES
(1, 'Various'),
(2, 'Various (UCF Custom Set #14)'),
(3, '2013 AMPPZ'),
(4, 'Various (UCF Custom Set #0006)'),
(5, 'Various (UCF0011)'),
(6, '2020 Northwest Europe Regional Programming Contest'),
(7, '2019 North America Qualifier & 2020 Asia Seoul Regional Programming Contest'),
(8, '2020 Asia Seoul Regional Programming Contest'),
(9, '2018 Nordic Collegiate Programming Contest'),
(10, '2017 Northeast Europe Regional Programming Contest'),
(11, '2014 Northeast Europe Regional Programming Contest'),
(12, '2018 Asia Yokohama Regional Programming Contest'),
(13, '2016 Nordic Collegiate Programming Contest'),
(14, '2019 Asia Jakarta Regional Programming Contest'),
(15, '2020 Northeast Europe Regional Programming Contest Offline'),
(16, '2019 Mercer Spring Programming Contest'),
(17, '2019 Southeast Regional Programming Contest, Division 2'),
(18, '2020 Mercer Spring Programming Contest & 2020 Greater New York Regional Programming Contest'),
(19, '2020 Greater New York Regional Programming Contest'),
(20, '2017 North American Qualifier (NAQ)'),
(21, '2020 Northwest Europe Regional Programming Contest ONLINE SET'),
(22, '2017 Mercer Spring Programming Contest & 2015 Asia Phuket Regional Programming Contest'),
(23, '2015 Asia Phuket Regional Programming Contest'),
(24, 'Tomasz'),
(25, '2014 Central Europe Regional Programming Contest'),
(26, '2017 Northwest European Regional Programming Contest'),
(27, '2015 Central European Regional Programming Contest'),
(28, '2018 German Collegiate Programming Contest'),
(29, 'Mixture of 2013 Mercer Spring Programming Contest and 2020 German Collegiate Programming Contest (prob5, prob7, prob10, prob11)'),
(30, '2020 German Collegiate Programming Contest'),
(31, '2015 Mercer Spring Programming Contest (prob 1-10 only)'),
(32, '2017 Nordic Collegiate Programming Contest'),
(33, '2016 Southeast Regional Programming Contest Division 2'),
(34, 'Various (UCF Custom Set #78)'),
(35, '2012 Rocky Mountain Regional Programming Contest'),
(36, '2015 Greater New York Regional Programming Contest'),
(37, '2009 Southeast USA Regional Programming Contest'),
(38, '2007 Central European Regional Programming Contest'),
(39, '2016 Southeast Regional Programming Contest, Division 2'),
(40, '2015 South Pacific Regional Programming Contest'),
(41, '2017 SE Regionals (Division 2)'),
(42, '2016 Rocky Mountain Regional Programming Contest'),
(43, 'Portions of 2020 Northwestern Russia Regional Contest'),
(44, 'Various (but mostly 2018 CERC)'),
(45, '2016 German Collegiate Programming Contest'),
(46, 'Various from 2014 SE Regionals'),
(47, '2019 Pacific Northwest Regional Programming Contest (Division 2)'),
(48, '2016 Central European Regional Programming Contest'),
(49, '2015 North American Qualifier'),
(50, '2018 CTU Open Programming Contest'),
(51, '2015 Southeast USA Regional Programming Contest (Division 2)'),
(52, '2015 Northeast European Northern Subregional Programming Contest'),
(53, '2016 Southeast Europe Regional Programming Contest'),
(54, '2014 Northeast Europe Northern Subregional Programming Contest'),
(55, '2016 Northwest Europe Regional Programming Contest'),
(56, '2019 Benelux Algorithm Programming Contest'),
(57, '2019 AMPPZ'),
(58, '2019 Greater New York Regional Programming Contest'),
(59, '2011 Arab Collegiate Programming Contest'),
(60, '2010 Nordic Collegiate Programming Contest'),
(61, '2012 Asis Jakarta Regional Programming Contest'),
(62, '2011 Asia Kanpur Regional Programming Contest'),
(63, '2019 South Pacific Regional Programming Contest (Finals)'),
(64, '2019 Southeastern European Regional Programming Contest'),
(65, '2019 Asia Yokohama Regional Programming Contest'),
(66, '2019 Southwest Europe Regional Programming Contest'),
(67, '2013 Mercer Spring Programming Contest'),
(68, '2015 German Collegiate Programming Contest'),
(69, '2019 Northwest Europe Regional Programming Contest'),
(70, '2015 ACM ICPC Southeast USA Regional Programming Contest (Division 1)'),
(71, '2016 Nordic Collegiate Programming Contest '),
(72, '2019 CTU Open'),
(73, '2011 Southeast Regional Programming Contest'),
(74, '2018 Southeast Regional Programming Contest (Division 2)'),
(75, '2015 North East North America Regional Programming Contest'),
(76, '2017 East Central Regional Programming Contest'),
(77, '2014 Asia Kuala Lumpur Regional Programming Contest'),
(78, '2018 Northeast North America Regional Programming Contest'),
(79, '2018 East Central Regional Programming Contest'),
(80, '2018 Greater New York Regional Programming Contest');

INSERT INTO `com_catalogsystem_team` (`id`, `name`) VALUES
(1, 'Varsity'),
(2, 'JV'),
(3, 'All');

-- Add file extensions to the end of the rtpc links, so that it matches the Joomla format

UPDATE com_catalogsystem_problem SET pdf_link=CONCAT(pdf_link,'.pdf');
UPDATE com_catalogsystem_problem SET zip_link=CONCAT(zip_link,'.zip');

COMMIT;

SET FOREIGN_KEY_CHECKS=1;